cyklus;cilovy_azimut;skutecne_natoceni;jump_deg;trim;xA;yA;axA;ayA;xC;yC;axC;ayC
1;315;-45.00;-45.00;50;-0.24599996;0.44065010;0.025999;-0.028357;-0.24670002;0.45295008;0.064329;0.013884
2;67.5;67.50;112.50;50;-0.23705000;0.44914996;0.071094;-0.016758;-0.24234990;0.44535008;0.015620;0.002495
3;45;45.00;-22.50;50;-0.25059998;0.44730004;0.066597;-0.026082;-0.24159994;0.43670016;0.023228;0.011897
4;0;0.00;-45.00;50;-0.24745002;0.43265000;0.047510;-0.035891;-0.23679994;0.43355004;0.041724;0.021492
5;135;135.00;135.00;50;-0.25635000;0.45244992;0.062566;0.013582;-0.24460004;0.45595016;0.025581;-0.028425
6;225;225.00;90.00;50;-0.25289996;0.43589990;0.022356;0.011943;-0.24740004;0.45080004;0.064856;-0.026138
7;112.5;112.50;-112.50;50;-0.24459996;0.44495000;0.071716;0.005283;-0.24665002;0.45550010;0.018953;-0.020112
8;157.5;157.50;45.00;50;-0.25550004;0.44900008;0.052976;0.019963;-0.25340000;0.45304992;0.033879;-0.034160
9;337.5;-22.50;-180.00;50;-0.24795004;0.44990010;0.034729;-0.033801;-0.24800000;0.44609984;0.052913;0.019844
10;90;90.00;112.50;50;-0.24849992;0.44469996;0.074443;-0.005686;-0.24044996;0.45340004;0.015513;-0.008462
11;202.5;202.50;112.50;50;-0.24229994;0.44860000;0.030002;0.019661;-0.24845000;0.44885020;0.055273;-0.033040
12;180;180.00;-22.50;50;-0.24254990;0.44554996;0.044924;0.021948;-0.24734990;0.45130008;0.045417;-0.035625
13;270;270.00;90.00;50;-0.25685010;0.44980008;0.016147;-0.008638;-0.25240008;0.44065008;0.072786;-0.006096
14;292.5;292.50;22.50;50;-0.25155000;0.44735000;0.019236;-0.018960;-0.25515002;0.43735000;0.068340;0.004517
15;247.5;247.50;-45.00;50;-0.24664996;0.44989990;0.016853;0.002742;-0.25460002;0.44890004;0.069514;-0.017278
16;22.5;382.50;135.00;50;-0.24509998;0.44530000;0.055806;-0.033821;-0.24960002;0.44610000;0.028816;0.018462
17;292.5;292.50;-90.00;50;-0.24179996;0.45274992;0.018850;-0.019690;-0.24729996;0.45424992;0.066179;0.004592
18;112.5;112.50;-180.00;50;-0.25050000;0.43750004;0.071079;0.004685;-0.24364988;0.45229992;0.018071;-0.019448
19;157.5;157.50;45.00;50;-0.24420004;0.44585008;0.052568;0.020029;-0.25300008;0.45490016;0.033748;-0.034324
20;22.5;22.50;-135.00;50;-0.25505000;0.45395000;0.057239;-0.032798;-0.25280002;0.44955004;0.032412;0.018892
21;270;-90.00;-112.50;50;-0.25460010;0.45160010;0.017629;-0.008159;-0.25200010;0.44714996;0.074761;-0.005745
22;67.5;67.50;157.50;50;-0.25290004;0.45295012;0.072175;-0.016436;-0.23999990;0.45555010;0.015894;0.003147
23;0;0.00;-67.50;50;-0.25080000;0.44950008;0.044919;-0.035981;-0.24729990;0.45439996;0.043074;0.021484
24;202.5;-157.50;-157.50;50;-0.24624998;0.44529996;0.035034;0.019106;-0.24209994;0.43415000;0.056353;-0.033994
25;90;-270.00;-112.50;50;-0.24555004;0.44335000;0.074292;-0.005620;-0.25014996;0.45780004;0.017676;-0.008655
26;180;-180.00;90.00;50;-0.24249996;0.44085008;0.042686;0.021829;-0.24424990;0.44964984;0.047266;-0.035598
27;225;-135.00;45.00;50;-0.25555004;0.44205000;0.023347;0.012178;-0.25334996;0.43579996;0.064670;-0.026948
28;337.5;-22.50;112.50;50;-0.24575000;0.44620008;0.034941;-0.034358;-0.24129996;0.44175000;0.051917;0.019890
29;45;45.00;67.50;50;-0.25660000;0.44575012;0.066455;-0.026318;-0.25005010;0.45019996;0.022773;0.012236
30;247.5;-112.50;-157.50;50;-0.25020004;0.44820000;0.019885;0.002498;-0.24694992;0.43790000;0.071350;-0.017417
31;135;-225.00;-112.50;50;-0.24359990;0.44795000;0.067727;0.014226;-0.23964990;0.45619980;0.025022;-0.028840
32;315;-45.00;-45.00;50;-0.26379996;0.45124996;0.026165;-0.028826;-0.24589996;0.45430004;0.063716;0.014084
33;0;0.00;45.00;50;-0.24780000;0.45870010;0.044302;-0.036223;-0.23619988;0.44515000;0.042659;0.021631
34;270;-90.00;-90.00;50;-0.26445000;0.46089996;0.016230;-0.008867;-0.26490004;0.46304992;0.073701;-0.005483
35;247.5;-112.50;-22.50;50;-0.24834996;0.46465000;0.018616;0.002966;-0.24820008;0.44020000;0.073372;-0.016355
36;225;-135.00;-22.50;50;-0.24984994;0.46544988;0.025176;0.011953;-0.25350004;0.44245010;0.065505;-0.027256
37;67.5;-292.50;-157.50;50;-0.25520006;0.45525008;0.073018;-0.016729;-0.25535000;0.45205004;0.019409;0.002483
38;90;-270.00;22.50;50;-0.25519996;0.44435000;0.073689;-0.005383;-0.26420004;0.45210008;0.016697;-0.008547
39;135;-225.00;45.00;50;-0.25520004;0.44399990;0.064302;0.014609;-0.25044996;0.44774996;0.025403;-0.028372
40;337.5;-382.50;-157.50;50;-0.25590014;0.45795004;0.035630;-0.034583;-0.26335000;0.44615008;0.054473;0.020024
41;315;-45.00;-45.00;50;-0.26149996;0.46309988;0.025427;-0.028425;-0.25300004;0.46005000;0.064519;0.014233
42;292.5;-67.50;-22.50;50;-0.24939996;0.45560016;0.018044;-0.019417;-0.25079996;0.46414990;0.069714;0.005422
43;180;-180.00;-112.50;50;-0.24595000;0.44880008;0.045942;0.022114;-0.25445004;0.45940008;0.045420;-0.036084
44;202.5;-157.50;22.50;50;-0.24460004;0.45920000;0.032371;0.018650;-0.25180000;0.47099988;0.056895;-0.033103
45;157.5;-202.50;-45.00;50;-0.24194996;0.45910012;0.056841;0.020378;-0.25430004;0.46475000;0.034429;-0.034043
46;112.5;-247.50;-45.00;50;-0.24930000;0.44924996;0.073103;0.005332;-0.24799996;0.47034996;0.019744;-0.019038
47;22.5;-337.50;-90.00;50;-0.25950000;0.45465000;0.056157;-0.033640;-0.24899996;0.44874990;0.033230;0.019236
48;45;-315.00;22.50;50;-0.25300000;0.45065008;0.066262;-0.026448;-0.25850000;0.45840000;0.022522;0.012461
49;225;-135.00;-135.00;50;-0.25520004;0.45415004;0.023794;0.012422;-0.25400010;0.46079988;0.066443;-0.026606
50;112.5;-247.50;-112.50;50;-0.25149996;0.45300008;0.071067;0.005469;-0.25429996;0.46020016;0.019055;-0.019839
51;180;-180.00;67.50;50;-0.25090006;0.45270004;0.040569;0.021797;-0.25150004;0.46740000;0.045117;-0.036055
52;90;-270.00;-90.00;50;-0.26060012;0.45244996;0.074502;-0.005593;-0.26055008;0.44950004;0.015522;-0.008660
53;135;-225.00;45.00;50;-0.25800008;0.46040000;0.064680;0.014756;-0.24725002;0.46719976;0.024353;-0.028792
54;247.5;-112.50;112.50;50;-0.24114988;0.45885008;0.016567;0.003071;-0.23924992;0.44935008;0.072415;-0.016921
55;67.5;-292.50;-180.00;50;-0.25109996;0.44929996;0.072927;-0.017017;-0.25290000;0.44510008;0.016924;0.003010
56;157.5;-202.50;90.00;50;-0.24870004;0.45675016;0.054329;0.019946;-0.25254996;0.45309992;0.034370;-0.034258
57;337.5;-382.50;-180.00;50;-0.25730008;0.45525008;0.035049;-0.034219;-0.23884992;0.46159996;0.054409;0.019983
58;22.5;-337.50;45.00;50;-0.23954992;0.45685008;0.055688;-0.033611;-0.24669994;0.45305004;0.031047;0.018992
59;202.5;-157.50;-157.50;50;-0.25885000;0.45890008;0.033284;0.018662;-0.23984998;0.44475000;0.058223;-0.032837
60;0;0.00;157.50;50;-0.26929996;0.45199984;0.044768;-0.036179;-0.25259996;0.45875004;0.043369;0.021821
61;292.5;-67.50;-67.50;50;-0.24820000;0.45515020;0.020295;-0.019753;-0.25125006;0.46310000;0.071636;0.005396
62;45;45.00;112.50;50;-0.25884998;0.45454996;0.065500;-0.026758;-0.24590000;0.45349990;0.022781;0.012012
63;270;-90.00;-135.00;50;-0.25914994;0.46314992;0.013730;-0.008542;-0.26124996;0.44649996;0.072520;-0.005762
64;315;-45.00;45.00;50;-0.25565010;0.43940000;0.023889;-0.028933;-0.24679996;0.45275004;0.063430;0.014219
65;67.5;67.50;112.50;50;-0.25410002;0.45475008;0.071221;-0.016902;-0.24929994;0.45105000;0.015837;0.002649
66;157.5;157.50;90.00;50;-0.25430000;0.45124992;0.053225;0.020205;-0.24750002;0.45289996;0.034175;-0.034331
67;247.5;247.50;90.00;50;-0.25004998;0.46325008;0.016682;0.002634;-0.25855004;0.46080004;0.069412;-0.017375
68;112.5;112.50;-135.00;50;-0.24394988;0.45425000;0.073276;0.005012;-0.25625000;0.46110016;0.019065;-0.019575
69;225;225.00;112.50;50;-0.24630000;0.45680020;0.022700;0.012664;-0.24590000;0.45515004;0.066414;-0.026631
70;292.5;292.50;67.50;50;-0.24274990;0.45495008;0.017793;-0.019641;-0.24629996;0.44729992;0.069553;0.004934
71;270;270.00;-22.50;50;-0.24719992;0.45564980;0.016008;-0.008494;-0.25635008;0.45800016;0.072529;-0.005818
72;337.5;337.50;67.50;50;-0.24519996;0.45530004;0.033633;-0.034490;-0.24605002;0.45124992;0.051328;0.019810
73;90;90.00;90.00;50;-0.25295008;0.45649996;0.074504;-0.005596;-0.24930004;0.46689988;0.013967;-0.008560
74;45;45.00;-45.00;50;-0.26424998;0.46029990;0.067329;-0.026108;-0.25030002;0.46375000;0.023345;0.012144
75;202.5;202.50;157.50;50;-0.25249996;0.45839996;0.029202;0.019211;-0.25590004;0.45395016;0.054937;-0.033291
76;0;360.00;157.50;50;-0.26015000;0.45449992;0.044966;-0.036108;-0.24875004;0.45399992;0.040476;0.021772
77;315;315.00;-45.00;50;-0.26179992;0.44440000;0.024075;-0.028621;-0.25099996;0.45074996;0.063044;0.014392
78;22.5;382.50;67.50;50;-0.25650012;0.46385000;0.056025;-0.033438;-0.24784994;0.44605000;0.031907;0.018721
79;180;-180.00;-180.00;50;-0.25144996;0.45740000;0.045168;0.021641;-0.25840002;0.45565008;0.045103;-0.036331
80;135;-225.00;-45.00;50;-0.26244998;0.44749988;0.065457;0.014448;-0.25945014;0.45035016;0.024297;-0.028560
81;22.5;-337.50;-112.50;50;-0.25465000;0.46209992;0.057598;-0.033284;-0.25375004;0.44925000;0.031914;0.019414
82;315;-45.00;-45.00;50;-0.24990000;0.45165004;0.025100;-0.028726;-0.25510004;0.44989984;0.063140;0.014070
83;202.5;-157.50;-112.50;50;-0.25335000;0.45840012;0.032173;0.019265;-0.25220000;0.46599972;0.056255;-0.033154
84;247.5;-112.50;45.00;50;-0.25110000;0.44840000;0.015435;0.002764;-0.24264994;0.45550000;0.072705;-0.016882
85;67.5;-292.50;-180.00;50;-0.25665016;0.44975012;0.073413;-0.016624;-0.25290000;0.46669988;0.015967;0.003452
86;270;-90.00;-90.00;50;-0.26565000;0.45549992;0.016011;-0.007734;-0.26110004;0.44405000;0.073340;-0.005652
87;292.5;-67.50;22.50;50;-0.25204998;0.46244990;0.018289;-0.019304;-0.25440004;0.46295000;0.069783;0.005583
88;157.5;-202.50;-135.00;50;-0.24680000;0.44644988;0.055435;0.020273;-0.26105002;0.46524992;0.033591;-0.034373
89;45;-315.00;-112.50;50;-0.26390004;0.44885008;0.065898;-0.026855;-0.25445008;0.45550004;0.022620;0.012668
90;180;-180.00;135.00;50;-0.25009996;0.45215004;0.043257;0.022090;-0.25199996;0.46629992;0.044019;-0.036267
91;90;-270.00;-90.00;50;-0.25060004;0.44405008;0.074629;-0.006040;-0.25770000;0.45119984;0.017446;-0.008472
92;225;-135.00;135.00;50;-0.25280010;0.46175000;0.022813;0.012300;-0.24349996;0.45389996;0.065405;-0.026841
93;337.5;-22.50;112.50;50;-0.24985000;0.45930004;0.035510;-0.034568;-0.24714990;0.45035010;0.053027;0.020146
94;0;0.00;22.50;50;-0.24870006;0.44730000;0.045522;-0.036494;-0.25385010;0.43520020;0.041853;0.021626
95;135;135.00;135.00;50;-0.25314992;0.44685020;0.062949;0.014192;-0.25495008;0.45169984;0.024766;-0.028794
96;112.5;112.50;-22.50;50;-0.24114990;0.44590000;0.071106;0.005225;-0.25730002;0.46185004;0.019312;-0.019624
97;45;45.00;-67.50;50;-0.24900004;0.45335010;0.068071;-0.026589;-0.25375000;0.45410010;0.023857;0.012134
98;90;90.00;45.00;50;-0.26270000;0.45460004;0.072561;-0.005742;-0.24765006;0.44395010;0.015132;-0.008672
99;247.5;247.50;157.50;50;-0.24800000;0.44045008;0.016387;0.002415;-0.25870008;0.44850008;0.069636;-0.017251
100;180;180.00;-67.50;50;-0.25065000;0.44854992;0.045720;0.021797;-0.24580002;0.46080004;0.044294;-0.035588
101;135;135.00;-45.00;50;-0.25555004;0.44555000;0.065112;0.014138;-0.25525008;0.44545008;0.023645;-0.028591
102;202.5;202.50;67.50;50;-0.23939990;0.46034992;0.031396;0.019666;-0.26175004;0.44950000;0.056699;-0.033054
103;157.5;157.50;-45.00;50;-0.24759990;0.45660008;0.054456;0.019980;-0.25240000;0.45099984;0.034714;-0.034275
104;112.5;112.50;-45.00;50;-0.23644990;0.44959996;0.072161;0.005515;-0.25575006;0.45360004;0.019124;-0.019382
105;225;225.00;112.50;50;-0.25455004;0.44005010;0.023765;0.012495;-0.24704998;0.43985000;0.064409;-0.026951
106;270;270.00;45.00;50;-0.25020010;0.45065004;0.014407;-0.008718;-0.25735000;0.44375000;0.071260;-0.005569
107;337.5;337.50;67.50;50;-0.25675008;0.45129996;0.033462;-0.034426;-0.25904998;0.43870000;0.050640;0.019963
108;315;315.00;-22.50;50;-0.24974996;0.45535016;0.024731;-0.028481;-0.24669992;0.43420000;0.061382;0.014507
109;22.5;382.50;67.50;50;-0.23674994;0.44700010;0.055620;-0.033467;-0.25170004;0.44229996;0.032422;0.018767
110;0;360.00;-22.50;50;-0.25805010;0.44410008;0.044834;-0.036362;-0.24815006;0.44130016;0.040820;0.021792
111;67.5;67.50;67.50;50;-0.25895008;0.44039996;0.070752;-0.017219;-0.24799996;0.45314984;0.016121;0.003137
112;292.5;-67.50;-135.00;50;-0.25360000;0.45410008;0.019895;-0.019243;-0.25295008;0.45770000;0.070642;0.005547
113;0;0.00;67.50;50;-0.24989998;0.45050004;0.044990;-0.035864;-0.24905004;0.43215020;0.042085;0.022458
114;67.5;67.50;67.50;50;-0.25520004;0.42914988;0.071533;-0.017351;-0.25540006;0.44214996;0.016011;0.002666
115;202.5;202.50;135.00;50;-0.25540004;0.42435000;0.032190;0.019170;-0.26005006;0.44514996;0.056067;-0.033271
116;247.5;247.50;45.00;50;-0.24829998;0.44484996;0.015869;0.003254;-0.25585002;0.44414996;0.070322;-0.016685
117;112.5;112.50;-135.00;50;-0.25705008;0.44740008;0.070891;0.005767;-0.24514996;0.44655020;0.019019;-0.019177
118;337.5;-22.50;-135.00;50;-0.25315004;0.44109996;0.035627;-0.033933;-0.24079984;0.43079984;0.052483;0.020793
119;157.5;-202.50;-180.00;50;-0.24429988;0.43865000;0.056091;0.020315;-0.24955004;0.44179996;0.034363;-0.034446
120;22.5;-337.50;-135.00;50;-0.24760002;0.44035016;0.060317;-0.033887;-0.25390008;0.43815000;0.032000;0.018962
121;225;-135.00;-135.00;50;-0.24444990;0.44889988;0.024263;0.013003;-0.25089996;0.43955004;0.067112;-0.026357
122;45;-315.00;-180.00;50;-0.25620004;0.43689996;0.067273;-0.026538;-0.25259998;0.45284992;0.023013;0.012832
123;270;-90.00;-90.00;50;-0.24999998;0.43560016;0.014861;-0.008691;-0.24614996;0.43064992;0.070847;-0.006208
124;90;-270.00;-180.00;50;-0.26180000;0.42640004;0.074868;-0.005361;-0.24374994;0.43725000;0.015896;-0.008740
125;292.5;-67.50;-67.50;50;-0.24739998;0.43169990;0.019304;-0.020303;-0.25920000;0.43120004;0.069973;0.004902
126;315;-45.00;22.50;50;-0.23719988;0.43624996;0.023225;-0.028926;-0.23799992;0.43210004;0.063992;0.013940
127;135;-225.00;-180.00;50;-0.23994998;0.43590004;0.064258;0.014226;-0.24820002;0.43409996;0.025493;-0.028938
128;180;-180.00;45.00;50;-0.25135004;0.43655000;0.042842;0.022190;-0.24139992;0.44005000;0.045576;-0.036001
129;135;-225.00;-45.00;50;-0.23949990;0.44055010;0.064104;0.014778;-0.24780004;0.43294992;0.024036;-0.028862
130;112.5;-247.50;-22.50;50;-0.24139990;0.42694992;0.069353;0.005225;-0.24704998;0.43754996;0.017144;-0.019868
131;45;-315.00;-67.50;50;-0.24084990;0.43664992;0.066648;-0.026892;-0.24489998;0.43229988;0.023523;0.012212
132;22.5;-337.50;-22.50;50;-0.25290000;0.43264988;0.057292;-0.033662;-0.24104994;0.43845004;0.030942;0.018787
133;292.5;-67.50;-67.50;50;-0.24309994;0.43499996;0.018291;-0.019988;-0.24149990;0.43089990;0.069316;0.004756
134;202.5;-157.50;-90.00;50;-0.23504996;0.43630010;0.032571;0.019236;-0.24880008;0.43215004;0.056572;-0.033694
135;90;-270.00;-112.50;50;-0.24654996;0.42365024;0.073650;-0.005515;-0.24004996;0.44225008;0.015637;-0.008752
136;315;-45.00;-45.00;50;-0.24694988;0.42465000;0.025173;-0.029165;-0.24494996;0.42835010;0.063696;0.014204
137;337.5;-22.50;22.50;50;-0.23629992;0.42635004;0.033057;-0.034700;-0.25220008;0.42115020;0.052546;0.019932
138;67.5;67.50;90.00;50;-0.23999996;0.42524996;0.071255;-0.017361;-0.22809996;0.43365000;0.014377;0.002097
139;157.5;157.50;90.00;50;-0.24464996;0.43659984;0.053889;0.019888;-0.24044990;0.43274992;0.033052;-0.034600
140;180;180.00;22.50;50;-0.24539994;0.42504996;0.041233;0.021631;-0.24579996;0.43130000;0.044529;-0.036714
141;225;225.00;45.00;50;-0.23634988;0.43210016;0.022075;0.012249;-0.24514996;0.43005004;0.064641;-0.027515
142;270;270.00;45.00;50;-0.23834996;0.42619990;0.015237;-0.008467;-0.24784994;0.42829992;0.071411;-0.006746
143;0;360.00;90.00;50;-0.23924982;0.43325008;0.044302;-0.036101;-0.24680006;0.42850008;0.041318;0.021401
144;247.5;247.50;-112.50;50;-0.24164996;0.43405004;0.016768;0.002524;-0.24724990;0.42595016;0.069556;-0.017583
145;270;270.00;22.50;50;-0.24054998;0.43435000;0.014741;-0.008643;-0.24655002;0.44200004;0.072781;-0.005828
146;135;135.00;-135.00;50;-0.24264996;0.42895004;0.066606;0.013728;-0.24365000;0.43374996;0.023125;-0.029473
147;67.5;67.50;-67.50;50;-0.24635006;0.42465016;0.072290;-0.017295;-0.22690000;0.43540000;0.016453;0.002485
148;0;0.00;-67.50;50;-0.24335004;0.42040010;0.046267;-0.036506;-0.24964998;0.42990000;0.042253;0.021672
149;337.5;-22.50;-22.50;50;-0.25535014;0.43174992;0.034971;-0.034563;-0.23759992;0.43634996;0.053076;0.019841
150;157.5;-202.50;-180.00;50;-0.24164996;0.42355010;0.055547;0.020125;-0.24144992;0.43630000;0.034077;-0.034768
151;112.5;-247.50;-45.00;50;-0.23904998;0.41865004;0.071201;0.004951;-0.22924994;0.43504990;0.017258;-0.019587
152;247.5;-112.50;135.00;50;-0.23964986;0.43815024;0.016152;0.003030;-0.24529996;0.43754990;0.069934;-0.016995
153;180;-180.00;-67.50;50;-0.24279996;0.42320010;0.042542;0.021846;-0.24269996;0.42785008;0.045376;-0.036299
154;202.5;-157.50;22.50;50;-0.23684992;0.43239992;0.031033;0.019121;-0.24605006;0.42889990;0.055024;-0.034077
155;225;-135.00;22.50;50;-0.23939996;0.42844992;0.023616;0.012156;-0.24079996;0.43234984;0.066008;-0.027119
156;315;-45.00;90.00;50;-0.24584996;0.43690004;0.024675;-0.029087;-0.24199996;0.43019992;0.062180;0.014158
157;45;45.00;90.00;50;-0.24099988;0.43745010;0.066223;-0.026743;-0.24950008;0.42520000;0.022202;0.012659
158;292.5;-67.50;-112.50;50;-0.25650010;0.43999992;0.018523;-0.019380;-0.26060004;0.43865000;0.069238;0.005508
159;90;90.00;157.50;50;-0.24710002;0.42800004;0.073594;-0.006211;-0.23479994;0.43150000;0.015923;-0.008877
160;22.5;22.50;-67.50;50;-0.24369990;0.41455020;0.057507;-0.033591;-0.24790000;0.43630000;0.031357;0.018708
161;67.5;67.50;45.00;50;-0.23974992;0.41760012;0.070791;-0.016953;-0.24395000;0.41849980;0.014734;0.002793
162;202.5;202.50;135.00;50;-0.24074990;0.41544996;0.030308;0.019170;-0.24130002;0.42515008;0.055999;-0.033337
163;270;270.00;67.50;50;-0.24535004;0.42244992;0.013801;-0.008687;-0.24930006;0.41425020;0.071260;-0.005845
164;180;180.00;-90.00;50;-0.24105002;0.42719996;0.042295;0.021934;-0.25005010;0.41805008;0.044629;-0.036187
165;315;315.00;135.00;50;-0.23559984;0.42560016;0.023584;-0.028999;-0.23264998;0.42390004;0.063154;0.014238
166;225;225.00;-90.00;50;-0.23289994;0.43700000;0.022791;0.012239;-0.23864996;0.42655000;0.064858;-0.027253
167;157.5;157.50;-67.50;50;-0.24169990;0.41845012;0.053811;0.020090;-0.23629984;0.42419996;0.033462;-0.034736
168;22.5;22.50;-135.00;50;-0.25085008;0.42175004;0.055784;-0.033623;-0.24369994;0.41125000;0.030342;0.019009
169;135;135.00;112.50;50;-0.24389994;0.42335004;0.063770;0.014304;-0.24454992;0.41675020;0.024529;-0.029504
170;292.5;292.50;157.50;50;-0.23535000;0.41910008;0.018115;-0.019844;-0.24630000;0.40740010;0.068789;0.005259
171;45;45.00;45.00;50;-0.24264994;0.41119992;0.065342;-0.027085;-0.23574994;0.42140010;0.021243;0.012502
172;112.5;112.50;67.50;50;-0.23699992;0.40880012;0.069033;0.005386;-0.22845000;0.42960004;0.015518;-0.019504
173;247.5;247.50;135.00;50;-0.23305000;0.41325032;0.015146;0.002952;-0.23744988;0.40890016;0.069363;-0.017344
174;0;360.00;112.50;50;-0.23894996;0.41790008;0.044841;-0.036077;-0.23854990;0.40920016;0.042512;0.021492
175;337.5;337.50;-22.50;50;-0.23100000;0.41809996;0.033123;-0.034441;-0.24645000;0.41975004;0.052793;0.019958
176;90;90.00;90.00;50;-0.23639992;0.41230024;0.072561;-0.005845;-0.24349998;0.41554996;0.012520;-0.008271
177;315;-45.00;-135.00;50;-0.24104988;0.41170000;0.025242;-0.029253;-0.24094992;0.40435004;0.063616;0.014399
178;90;90.00;135.00;50;-0.24229992;0.40395012;0.073303;-0.006155;-0.23884998;0.41720020;0.014258;-0.008804
179;112.5;112.50;22.50;50;-0.23719996;0.41245000;0.069263;0.005198;-0.23909990;0.41425016;0.017644;-0.019746
180;225;225.00;112.50;50;-0.22824996;0.41145016;0.021462;0.012407;-0.25595000;0.42585000;0.063569;-0.026787
181;22.5;382.50;157.50;50;-0.24639996;0.41290020;0.055664;-0.033467;-0.24790002;0.39940004;0.031414;0.018745
182;135;135.00;135.00;50;-0.23769984;0.41500008;0.063801;0.014609;-0.25040004;0.41420000;0.024226;-0.028899
183;202.5;202.50;67.50;50;-0.23215002;0.40955024;0.031855;0.019036;-0.25075010;0.40680016;0.055542;-0.033708
184;270;270.00;67.50;50;-0.24774994;0.41970020;0.015564;-0.008743;-0.24560002;0.41760008;0.071885;-0.005933
185;337.5;337.50;67.50;50;-0.24334990;0.41690010;0.032795;-0.034817;-0.24259992;0.41480016;0.052292;0.020295
186;157.5;157.50;-180.00;50;-0.23864992;0.42040004;0.052007;0.019968;-0.25405008;0.41645000;0.033784;-0.034641
187;292.5;292.50;135.00;50;-0.24289990;0.41934992;0.017273;-0.020166;-0.25170000;0.40525024;0.065625;0.004797
188;67.5;67.50;67.50;50;-0.24885006;0.40965016;0.070793;-0.016960;-0.22979996;0.41670010;0.015349;0.002778
189;247.5;-112.50;-180.00;50;-0.24699990;0.42824992;0.017859;0.002593;-0.23944990;0.40115010;0.071118;-0.017378
190;180;-180.00;-67.50;50;-0.23444992;0.42675008;0.045044;0.021506;-0.24554994;0.41525024;0.045742;-0.036296
191;0;-360.00;-180.00;50;-0.25229996;0.41575010;0.045500;-0.036567;-0.23734990;0.41630020;0.043975;0.021509
192;45;-315.00;45.00;50;-0.24829996;0.41295016;0.065735;-0.027014;-0.23969990;0.41805010;0.022820;0.011831
193;337.5;-382.50;-67.50;50;-0.25620002;0.41265000;0.033843;-0.034585;-0.24715004;0.41779996;0.052905;0.020330
194;202.5;-157.50;-157.50;50;-0.24259992;0.42245016;0.032981;0.018862;-0.24819998;0.42385020;0.055684;-0.033604
195;45;-315.00;-157.50;50;-0.23844986;0.41720010;0.066563;-0.027048;-0.23979992;0.41894992;0.021963;0.012065
196;315;-45.00;-45.00;50;-0.24609990;0.41995004;0.024861;-0.028655;-0.24760002;0.41725000;0.061790;0.013972
197;180;-180.00;-135.00;50;-0.24399992;0.42160008;0.041838;0.021848;-0.24875000;0.42150020;0.045188;-0.036157
198;157.5;-202.50;-22.50;50;-0.24890002;0.42220016;0.055295;0.020061;-0.23579992;0.42380010;0.033589;-0.034624
199;112.5;-247.50;-45.00;50;-0.24510002;0.42155010;0.071631;0.005378;-0.24234996;0.43055016;0.017058;-0.019714
200;22.5;-337.50;-90.00;50;-0.25060000;0.42070000;0.056504;-0.033462;-0.23034992;0.42015020;0.031055;0.019373
201;67.5;-292.50;45.00;50;-0.24234984;0.43239992;0.071453;-0.017075;-0.24885010;0.41935004;0.016506;0.002490
202;0;-360.00;-67.50;50;-0.24684994;0.42785000;0.046128;-0.036260;-0.23619992;0.42290010;0.042375;0.022319
203;90;-270.00;90.00;50;-0.24935000;0.43070008;0.072944;-0.005850;-0.24715002;0.42555004;0.016682;-0.008748
204;247.5;-112.50;157.50;50;-0.24534988;0.42509996;0.016887;0.002639;-0.24730006;0.42335016;0.069788;-0.016980
205;292.5;-67.50;45.00;50;-0.25120008;0.42434990;0.016860;-0.019722;-0.23189996;0.41465000;0.069495;0.005310
206;270;-90.00;-22.50;50;-0.24630002;0.42775020;0.014556;-0.008267;-0.24319988;0.41429980;0.071968;-0.006199
207;135;-225.00;-135.00;50;-0.23934992;0.42654990;0.064854;0.014163;-0.24454988;0.42285008;0.023613;-0.029189
208;225;-135.00;90.00;50;-0.24099998;0.42399992;0.023447;0.011992;-0.24014998;0.42059984;0.064934;-0.026702
209;225;-135.00;0.00;50;-0.23155000;0.42235030;0.023311;0.012502;-0.23779992;0.41585008;0.066597;-0.026755
210;247.5;-112.50;22.50;50;-0.24004992;0.41875008;0.016040;0.003052;-0.24184992;0.42004992;0.070176;-0.016997
211;67.5;-292.50;-180.00;50;-0.24975014;0.40995010;0.072488;-0.016860;-0.23030000;0.41609996;0.015940;0.002717
212;22.5;-337.50;-45.00;50;-0.25290010;0.43410004;0.057229;-0.033169;-0.23844996;0.42255008;0.030144;0.019590
213;135;-225.00;112.50;50;-0.24049990;0.42045008;0.063428;0.014568;-0.24625004;0.42934990;0.024414;-0.029221
214;112.5;-247.50;-22.50;50;-0.24965000;0.42070000;0.070564;0.005293;-0.24309994;0.41690020;0.018704;-0.019612
215;90;-270.00;-22.50;50;-0.24099996;0.40770016;0.072236;-0.005767;-0.23979998;0.42290004;0.015208;-0.008337
216;270;-90.00;-90.00;50;-0.24124992;0.42010004;0.016614;-0.008484;-0.24344994;0.42145016;0.074026;-0.006052
217;315;-45.00;45.00;50;-0.24239990;0.41785024;0.025806;-0.028743;-0.24454998;0.42125010;0.064055;0.014314
218;180;-180.00;-135.00;50;-0.24074990;0.42345008;0.044617;0.021787;-0.24499996;0.41315010;0.044722;-0.036418
219;157.5;-202.50;-22.50;50;-0.24244994;0.42050010;0.054578;0.019990;-0.24435008;0.42295008;0.033262;-0.034705
220;202.5;-157.50;45.00;50;-0.24454994;0.41790012;0.029924;0.019180;-0.24354998;0.42170004;0.056023;-0.033394
221;337.5;-22.50;135.00;50;-0.23704992;0.42890012;0.033696;-0.034741;-0.24385002;0.41605020;0.053706;0.019893
222;0;0.00;22.50;50;-0.23604998;0.41430020;0.044265;-0.036694;-0.23215000;0.41520016;0.042485;0.021951
223;292.5;-67.50;-67.50;50;-0.23509994;0.42265004;0.017996;-0.019687;-0.24734996;0.42609996;0.068577;0.005103
224;45;45.00;112.50;50;-0.25185004;0.41175000;0.065566;-0.027156;-0.24254990;0.41820004;0.022539;0.012332
225;180;180.00;135.00;50;-0.24529996;0.41860016;0.041541;0.021443;-0.23125002;0.41615010;0.043887;-0.036514
226;90;90.00;-90.00;50;-0.23974996;0.41130010;0.074905;-0.006636;-0.24105000;0.41305016;0.014207;-0.008718
227;315;-45.00;-135.00;50;-0.24009992;0.41455028;0.024514;-0.029082;-0.23834992;0.41330000;0.062888;0.013806
228;270;-90.00;-45.00;50;-0.23689992;0.42099996;0.015181;-0.008704;-0.23934998;0.40255010;0.073269;-0.005942
229;112.5;-247.50;-157.50;50;-0.23719992;0.41440012;0.070811;0.005046;-0.23729992;0.41674984;0.017488;-0.019333
230;67.5;-292.50;-45.00;50;-0.23279996;0.41005016;0.073162;-0.017375;-0.23564986;0.41265016;0.016562;0.002793
231;157.5;-202.50;90.00;50;-0.24449994;0.41399996;0.053149;0.019927;-0.24504996;0.42304992;0.033816;-0.034648
232;135;-225.00;-22.50;50;-0.23224996;0.40095016;0.064343;0.013823;-0.22280000;0.42235004;0.025193;-0.028933
233;45;-315.00;-90.00;50;-0.24244990;0.41080010;0.066040;-0.027222;-0.24409994;0.41430008;0.023118;0.012156
234;0;-360.00;-45.00;50;-0.25405008;0.41110010;0.045605;-0.036404;-0.23904996;0.41300020;0.043162;0.021885
235;202.5;-157.50;-157.50;50;-0.23579992;0.41200012;0.031953;0.019019;-0.23760004;0.41105016;0.056033;-0.033711
236;22.5;-337.50;-180.00;50;-0.24609996;0.39400000;0.056523;-0.033743;-0.23859990;0.39140020;0.031270;0.018660
237;292.5;-67.50;-67.50;50;-0.23489996;0.41640010;0.018010;-0.020022;-0.24234990;0.40320004;0.067793;0.004819
238;337.5;-22.50;45.00;50;-0.22779994;0.41285016;0.032703;-0.035073;-0.24379994;0.40440004;0.052495;0.019692
239;247.5;-112.50;-90.00;50;-0.23379990;0.40490016;0.017183;0.002456;-0.24480002;0.40185020;0.070217;-0.018110
240;225;-135.00;-22.50;50;-0.23214996;0.41565020;0.023735;0.012102;-0.24344990;0.40340004;0.064209;-0.027188
241;315;-45.00;90.00;50;-0.23149988;0.40695024;0.024185;-0.029026;-0.24199990;0.40340012;0.061729;0.013574
242;0;0.00;45.00;50;-0.23689998;0.41740010;0.045471;-0.036726;-0.23809990;0.39955016;0.039509;0.021519
243;135;135.00;135.00;50;-0.22859996;0.40675016;0.062676;0.013650;-0.23824988;0.41414992;0.024187;-0.029136
244;270;270.00;135.00;50;-0.24229996;0.42045020;0.013572;-0.008594;-0.23679984;0.41865010;0.074016;-0.005459
245;90;90.00;-180.00;50;-0.23834992;0.40230012;0.073840;-0.005745;-0.24349990;0.41730008;0.013176;-0.008552
246;180;180.00;90.00;50;-0.24134992;0.39925012;0.042102;0.021367;-0.24434996;0.40070004;0.045100;-0.036206
247;247.5;247.50;67.50;50;-0.23429992;0.40690004;0.016216;0.002024;-0.23789992;0.40325016;0.070266;-0.017214
248;112.5;112.50;-135.00;50;-0.23194992;0.40420016;0.070601;0.005112;-0.23504992;0.40244996;0.017480;-0.019475
249;67.5;67.50;-45.00;50;-0.24449996;0.40480008;0.072849;-0.017529;-0.23279996;0.40615004;0.015361;0.002214
250;45;45.00;-22.50;50;-0.22714992;0.40930012;0.067263;-0.026914;-0.22554996;0.41559996;0.021943;0.012651
251;292.5;-67.50;-112.50;50;-0.23564992;0.40610010;0.016685;-0.019609;-0.24760000;0.41800012;0.068110;0.005046
252;157.5;-202.50;-135.00;50;-0.24319996;0.40760010;0.054243;0.019922;-0.24599996;0.41055012;0.033101;-0.034678
253;22.5;-337.50;-135.00;50;-0.24984998;0.41800000;0.056565;-0.033840;-0.24784998;0.41745000;0.030291;0.019106
254;202.5;-157.50;-157.50;50;-0.23859996;0.41715000;0.029727;0.019041;-0.23834992;0.41810010;0.054048;-0.033616
255;225;-135.00;22.50;50;-0.23794990;0.42110008;0.022805;0.012339;-0.24024992;0.40810012;0.065437;-0.026760
256;337.5;-22.50;112.50;50;-0.24615000;0.42350010;0.034114;-0.035178;-0.24840002;0.40515008;0.052029;0.019788
257;90;90.00;112.50;50;-0.24775006;0.41090010;0.071135;-0.006157;-0.23069996;0.41545012;0.012744;-0.008794
258;67.5;67.50;-22.50;50;-0.24369998;0.41465010;0.071499;-0.017471;-0.23039996;0.41195020;0.015500;0.002366
259;112.5;112.50;45.00;50;-0.22799996;0.42325004;0.068730;0.004749;-0.23299986;0.42980012;0.016909;-0.019685
260;292.5;-67.50;-180.00;50;-0.23654990;0.42850020;0.018882;-0.019526;-0.23519992;0.41775010;0.068726;0.005459
261;22.5;22.50;90.00;50;-0.23749998;0.42675004;0.055664;-0.033484;-0.24319994;0.41705008;0.030332;0.018994
262;270;-90.00;-112.50;50;-0.24194994;0.42380008;0.017573;-0.008655;-0.24744994;0.40990012;0.072620;-0.006497
263;0;0.00;90.00;50;-0.24274998;0.41000016;0.046401;-0.036260;-0.24684996;0.41275016;0.041421;0.021379
264;337.5;-22.50;-22.50;50;-0.25335008;0.42610008;0.035010;-0.034663;-0.23354990;0.41650020;0.053933;0.019995
265;45;45.00;67.50;50;-0.23739994;0.42375000;0.066111;-0.026523;-0.23484992;0.41305012;0.021287;0.012524
266;135;135.00;90.00;50;-0.23884994;0.42335000;0.061536;0.014387;-0.24880008;0.42249996;0.024810;-0.028872
267;247.5;247.50;112.50;50;-0.24420000;0.41780010;0.015002;0.002612;-0.23394994;0.41960012;0.071619;-0.016685
268;225;225.00;-22.50;50;-0.23180000;0.41785010;0.022957;0.012339;-0.23274998;0.42434996;0.064670;-0.026775
269;202.5;202.50;-22.50;50;-0.24314990;0.42380020;0.030549;0.019238;-0.22744996;0.42954992;0.055752;-0.033640
270;315;315.00;112.50;50;-0.23499986;0.41915024;0.023516;-0.028472;-0.23949986;0.42350008;0.062937;0.014438
271;180;180.00;-135.00;50;-0.23464988;0.42375010;0.041348;0.021985;-0.23654994;0.41395010;0.044204;-0.036089
272;157.5;157.50;-22.50;50;-0.23329996;0.40655010;0.052527;0.020332;-0.23004988;0.43069992;0.033855;-0.034482
273;247.5;247.50;90.00;50;-0.23479994;0.41645016;0.015530;0.002922;-0.24054998;0.42020004;0.070378;-0.016641
274;270;270.00;22.50;50;-0.23969988;0.41620010;0.014800;-0.008330;-0.23494988;0.40615020;0.072681;-0.005701
275;180;180.00;-90.00;50;-0.23049992;0.41395016;0.043677;0.022090;-0.24359998;0.42230008;0.044768;-0.036047
276;22.5;22.50;-157.50;50;-0.24730000;0.41415010;0.056711;-0.033242;-0.23574992;0.42120010;0.030486;0.018684
277;337.5;-22.50;-45.00;50;-0.23484998;0.42080004;0.034172;-0.034514;-0.23229998;0.42545008;0.050864;0.020278
278;90;90.00;112.50;50;-0.23065002;0.40515020;0.071455;-0.005879;-0.23869986;0.42505000;0.014194;-0.008875
279;112.5;112.50;22.50;50;-0.23464994;0.41645008;0.069495;0.005457;-0.24019986;0.42460000;0.017993;-0.019880
280;225;225.00;112.50;50;-0.24039996;0.41415008;0.021804;0.012749;-0.23519988;0.42790016;0.063596;-0.026511
281;315;315.00;90.00;50;-0.24690000;0.42175008;0.023586;-0.028762;-0.23669992;0.42100004;0.063149;0.014558
282;202.5;202.50;-112.50;50;-0.24274998;0.41495000;0.032429;0.018984;-0.24214992;0.40985016;0.056328;-0.033730
283;45;45.00;-157.50;50;-0.23559998;0.43145000;0.066204;-0.026260;-0.22965000;0.42265008;0.022002;0.012458
284;0;0.00;-45.00;50;-0.24279996;0.42545004;0.044922;-0.036641;-0.23569990;0.40970004;0.041025;0.022021
285;157.5;157.50;157.50;50;-0.23574994;0.41910024;0.053000;0.020063;-0.23964990;0.41935020;0.033757;-0.034863
286;135;135.00;-22.50;50;-0.22719998;0.40915028;0.065273;0.014299;-0.24069984;0.42695008;0.024202;-0.029092
287;292.5;292.50;157.50;50;-0.23959998;0.41240016;0.017083;-0.019563;-0.24164990;0.42095010;0.069648;0.005227
288;67.5;67.50;67.50;50;-0.23394988;0.40945016;0.070691;-0.016797;-0.23704988;0.42110010;0.015750;0.002544
289;225;225.00;157.50;50;-0.24044998;0.41975024;0.021118;0.012212;-0.24194990;0.41670008;0.064399;-0.026848
290;112.5;112.50;-112.50;50;-0.24209998;0.41120016;0.072134;0.005608;-0.23539992;0.41830010;0.016731;-0.019622
291;157.5;157.50;45.00;50;-0.22664998;0.41594996;0.052949;0.020259;-0.23879990;0.41845020;0.032319;-0.034722
292;247.5;247.50;90.00;50;-0.23889992;0.40970016;0.015481;0.002974;-0.24114992;0.41970012;0.068762;-0.017273
293;90;90.00;-157.50;50;-0.24624998;0.40695020;0.073660;-0.005486;-0.24084990;0.42470000;0.015303;-0.008708
294;180;180.00;90.00;50;-0.22665004;0.40790016;0.040720;0.022422;-0.23804984;0.41810020;0.044709;-0.036143
295;67.5;67.50;-112.50;50;-0.24189990;0.41640020;0.071580;-0.016738;-0.22994994;0.41700000;0.016558;0.003325
296;315;-45.00;-112.50;50;-0.23620000;0.41165008;0.024968;-0.028611;-0.22275004;0.41700020;0.062710;0.014873
297;337.5;-22.50;22.50;50;-0.24834994;0.42745008;0.033926;-0.034031;-0.23649994;0.41950000;0.052104;0.020510
298;22.5;22.50;45.00;50;-0.23424996;0.41515008;0.056174;-0.033459;-0.22955002;0.40865020;0.030686;0.019138
299;292.5;-67.50;-90.00;50;-0.24514994;0.41320008;0.018816;-0.019414;-0.23879990;0.41885012;0.069111;0.005168
300;202.5;-157.50;-90.00;50;-0.23330004;0.41240010;0.030642;0.019905;-0.23189992;0.42795000;0.054556;-0.033442
301;270;-90.00;67.50;50;-0.24269990;0.42170012;0.014949;-0.008408;-0.23934990;0.40674990;0.073003;-0.005735
302;0;0.00;90.00;50;-0.23265006;0.41840000;0.046204;-0.036306;-0.23404992;0.41695008;0.042351;0.021914
303;45;45.00;45.00;50;-0.24209994;0.42050008;0.065149;-0.026731;-0.24469996;0.41690020;0.022595;0.012446
304;135;135.00;90.00;50;-0.24079990;0.41315010;0.061306;0.014326;-0.24029998;0.42070010;0.024114;-0.028259
305;0;0.00;-135.00;50;-0.23844992;0.42144996;0.045432;-0.036196;-0.24144988;0.41034996;0.041501;0.022300
306;67.5;67.50;67.50;50;-0.24960006;0.41180012;0.069832;-0.017065;-0.22754996;0.41965016;0.016528;0.002764
307;22.5;22.50;-45.00;50;-0.23579988;0.40315010;0.056047;-0.033350;-0.24149998;0.41870012;0.030808;0.019119
308;225;-135.00;-157.50;50;-0.23604990;0.41595012;0.023296;0.013442;-0.23434998;0.42275020;0.065427;-0.026379
309;45;-315.00;-180.00;50;-0.23634992;0.40015020;0.067148;-0.026045;-0.22539996;0.42040008;0.023440;0.013057
310;315;-45.00;-45.00;50;-0.23909990;0.41240000;0.025928;-0.028477;-0.24429996;0.41915020;0.062795;0.014768
311;135;-225.00;-180.00;50;-0.23035004;0.40835010;0.065439;0.014683;-0.23599994;0.40965012;0.024695;-0.028359
312;202.5;-157.50;67.50;50;-0.23029990;0.42279992;0.031506;0.019185;-0.24284992;0.42085008;0.054453;-0.033501
313;292.5;-67.50;90.00;50;-0.24119992;0.41820004;0.015315;-0.019138;-0.23699994;0.41810020;0.068789;0.005117
314;247.5;-112.50;-45.00;50;-0.23104996;0.41270010;0.016196;0.003328;-0.23754992;0.41360016;0.069976;-0.017195
315;270;-90.00;22.50;50;-0.24149992;0.41895010;0.013733;-0.008145;-0.23479990;0.41180012;0.071570;-0.005845
316;157.5;-202.50;-112.50;50;-0.23575000;0.41170010;0.053074;0.020288;-0.24329990;0.41815010;0.033425;-0.034600
317;337.5;-382.50;-180.00;50;-0.24064990;0.42335016;0.034158;-0.034280;-0.23974990;0.41810010;0.054143;0.020361
318;180;-180.00;-180.00;50;-0.23569990;0.42255010;0.043604;0.022554;-0.23349994;0.41310012;0.045398;-0.036487
319;112.5;-247.50;-67.50;50;-0.24024982;0.42085004;0.071978;0.005713;-0.23909990;0.42065012;0.018389;-0.019634
320;90;-270.00;-22.50;50;-0.23329990;0.40840012;0.073645;-0.005815;-0.23399990;0.42569992;0.015618;-0.008684
321;225;-135.00;135.00;50;-0.23545000;0.42320008;0.023232;0.012527;-0.24445000;0.41494996;0.066423;-0.027009
322;270;-90.00;45.00;50;-0.23514996;0.42245016;0.014565;-0.008550;-0.23824992;0.41220010;0.072861;-0.006079
323;180;-180.00;-90.00;50;-0.21929998;0.42835004;0.044517;0.022168;-0.23789998;0.42025020;0.045103;-0.036118
324;315;-45.00;135.00;50;-0.24769996;0.41215010;0.024043;-0.028789;-0.24184996;0.40740010;0.062163;0.014375
325;247.5;-112.50;-67.50;50;-0.23949996;0.40425016;0.016836;0.002524;-0.23400000;0.40700010;0.070173;-0.016973
326;292.5;-67.50;45.00;50;-0.23684992;0.41600000;0.016328;-0.019839;-0.23659998;0.39820008;0.068127;0.005183
327;112.5;-247.50;-180.00;50;-0.24014998;0.39885004;0.070244;0.005007;-0.22950002;0.40835008;0.016863;-0.019868
328;202.5;-157.50;90.00;50;-0.24014988;0.40135016;0.030740;0.019050;-0.24355000;0.40810010;0.055940;-0.033403
329;90;-270.00;-112.50;50;-0.23574992;0.40140012;0.073152;-0.005972;-0.24124990;0.40049992;0.014299;-0.008979
330;0;-360.00;-90.00;50;-0.23129994;0.39275004;0.044846;-0.036858;-0.23190000;0.39385004;0.042090;0.021692
331;45;-315.00;45.00;50;-0.23085000;0.40525000;0.065210;-0.026985;-0.22924996;0.40880004;0.021355;0.012256
332;157.5;-202.50;112.50;50;-0.24484996;0.40305000;0.053770;0.019919;-0.22595000;0.40500000;0.032966;-0.035071
333;22.5;-337.50;-135.00;50;-0.23484992;0.39585010;0.055874;-0.034094;-0.23689990;0.39535004;0.030686;0.018882
334;135;-225.00;112.50;50;-0.23549992;0.38584984;0.063518;0.014163;-0.23120000;0.39525008;0.023833;-0.029180
335;67.5;-292.50;-67.50;50;-0.22974998;0.39900016;0.070859;-0.017803;-0.22869996;0.39024996;0.013894;0.002468
336;337.5;-382.50;-90.00;50;-0.23834990;0.38850004;0.033611;-0.034998;-0.23229982;0.38795010;0.051055;0.019788
337;202.5;-157.50;-157.50;50;-0.22954998;0.39945012;0.030662;0.018521;-0.23364990;0.39995004;0.055273;-0.033784
338;292.5;-67.50;90.00;50;-0.22260004;0.40335008;0.017407;-0.020117;-0.23374992;0.40185012;0.068550;0.004841
339;270;-90.00;-22.50;50;-0.23369992;0.41120016;0.015642;-0.008945;-0.22804994;0.39820004;0.072300;-0.006240
340;67.5;67.50;157.50;50;-0.24179998;0.40985016;0.069521;-0.017585;-0.23654992;0.39905008;0.016567;0.001921
341;180;180.00;112.50;50;-0.23959998;0.40355008;0.042046;0.021367;-0.23924996;0.39435004;0.043652;-0.036650
342;112.5;112.50;-67.50;50;-0.23424996;0.39800000;0.070293;0.005037;-0.23589988;0.40810012;0.017231;-0.019666
343;337.5;-22.50;-135.00;50;-0.24054996;0.41095008;0.035532;-0.034910;-0.23894996;0.40215004;0.052385;0.019819
344;315;-45.00;-22.50;50;-0.25285010;0.39810000;0.024189;-0.028938;-0.22234998;0.39390010;0.062644;0.014265
345;135;-225.00;-180.00;50;-0.23634990;0.40095016;0.064082;0.014761;-0.23629990;0.40670010;0.023669;-0.028459
346;247.5;-112.50;112.50;50;-0.23719990;0.40435010;0.015251;0.002419;-0.24365004;0.39885004;0.070947;-0.017256
347;157.5;-202.50;-90.00;50;-0.22654996;0.39905028;0.054292;0.020200;-0.23009996;0.41550010;0.033860;-0.034502
348;0;-360.00;-157.50;50;-0.24814996;0.41535000;0.045281;-0.036362;-0.23189994;0.41330012;0.041716;0.021394
349;22.5;-337.50;22.50;50;-0.23969992;0.40385016;0.055852;-0.033638;-0.22965008;0.39980012;0.030447;0.019390
350;45;-315.00;22.50;50;-0.24760000;0.41675008;0.064558;-0.027114;-0.23874998;0.41380000;0.021470;0.012837
351;90;-270.00;45.00;50;-0.24569992;0.40315016;0.072180;-0.006077;-0.24014992;0.39955020;0.014360;-0.008245
352;225;-135.00;135.00;50;-0.23874996;0.40830010;0.022998;0.012952;-0.24355002;0.41115008;0.065374;-0.027261
353;0;0.00;135.00;50;-0.23789992;0.41675004;0.044019;-0.036426;-0.23614994;0.40450028;0.040146;0.021460
354;157.5;157.50;157.50;50;-0.23979996;0.40820016;0.053018;0.020366;-0.23999998;0.41540000;0.032844;-0.034224
355;270;270.00;112.50;50;-0.24504996;0.42095016;0.014238;-0.008015;-0.23240000;0.40955008;0.073613;-0.005698
356;67.5;67.50;67.50;50;-0.23834996;0.41020012;0.071487;-0.017026;-0.23444998;0.40100010;0.014968;0.002397
357;337.5;-22.50;-90.00;50;-0.22629996;0.40705000;0.035601;-0.034924;-0.24009990;0.39020004;0.051909;0.020371
358;225;-135.00;-112.50;50;-0.23045000;0.41470012;0.024102;0.012507;-0.23959986;0.39069992;0.065676;-0.027029
359;292.5;-67.50;67.50;50;-0.21890006;0.39750004;0.016716;-0.019441;-0.23044992;0.40450004;0.068596;0.004666
360;90;90.00;157.50;50;-0.22010002;0.39620010;0.072947;-0.005898;-0.21564990;0.40590020;0.013677;-0.009104
361;247.5;247.50;157.50;50;-0.22864992;0.40405010;0.015674;0.002427;-0.23749986;0.40240010;0.070317;-0.017527
362;180;180.00;-67.50;50;-0.23259992;0.39725016;0.040820;0.021838;-0.24014992;0.38704990;0.044646;-0.036682
363;22.5;22.50;-157.50;50;-0.22674996;0.40595012;0.055972;-0.033738;-0.22994996;0.39605000;0.030247;0.018965
364;45;45.00;22.50;50;-0.23504992;0.39780016;0.066326;-0.026626;-0.23109990;0.40695004;0.021362;0.012297
365;315;-45.00;-90.00;50;-0.23964992;0.40110012;0.024517;-0.029126;-0.23264990;0.39080008;0.064297;0.014167
366;112.5;112.50;157.50;50;-0.23360000;0.39640016;0.070979;0.005176;-0.23784990;0.39925000;0.017344;-0.019978
367;202.5;202.50;90.00;50;-0.23264992;0.39005010;0.030754;0.018745;-0.23859992;0.39460004;0.054968;-0.034048
368;135;135.00;-67.50;50;-0.21949998;0.38719996;0.065369;0.014353;-0.22100006;0.39269996;0.022920;-0.028977
369;337.5;-22.50;-157.50;50;-0.23534984;0.40295020;0.034233;-0.034910;-0.24059998;0.39690016;0.052070;0.019985
370;247.5;-112.50;-90.00;50;-0.23094992;0.40410004;0.017534;0.002285;-0.22744996;0.39559996;0.071182;-0.017368
371;202.5;-157.50;-45.00;50;-0.23694996;0.40850008;0.032407;0.019185;-0.22769998;0.41365012;0.056738;-0.033984
372;112.5;-247.50;-90.00;50;-0.24715000;0.40660016;0.071396;0.005281;-0.23769994;0.41090024;0.016758;-0.019705
373;225;-135.00;112.50;50;-0.23504990;0.39660004;0.021572;0.013101;-0.23804994;0.40820016;0.065654;-0.026304
374;135;-225.00;-90.00;50;-0.23899986;0.39550004;0.063672;0.014766;-0.23709992;0.40185004;0.024197;-0.028660
375;292.5;-67.50;157.50;50;-0.23229990;0.40385004;0.016191;-0.019529;-0.22844996;0.40360010;0.067520;0.005337
376;90;90.00;157.50;50;-0.23384998;0.39870008;0.073076;-0.005930;-0.22335004;0.40585004;0.014138;-0.009475
377;45;45.00;-45.00;50;-0.22929990;0.40905024;0.066252;-0.026841;-0.21859998;0.40675010;0.020879;0.012773
378;157.5;157.50;112.50;50;-0.23874990;0.39925008;0.051580;0.020039;-0.22090002;0.39790008;0.032615;-0.034387
379;0;0.00;-157.50;50;-0.23429994;0.40085020;0.044497;-0.036687;-0.23489998;0.41345016;0.043008;0.021853
380;180;-180.00;-180.00;50;-0.22364994;0.41240008;0.043127;0.022017;-0.24265008;0.40810012;0.045190;-0.036648
381;315;-45.00;135.00;50;-0.22534996;0.41535000;0.024219;-0.028984;-0.23069992;0.39740016;0.063401;0.014524
382;270;-90.00;-45.00;50;-0.23984996;0.40980000;0.015657;-0.008691;-0.23829990;0.40580012;0.073540;-0.005657
383;67.5;67.50;157.50;50;-0.23669994;0.39635016;0.070488;-0.017361;-0.23134992;0.41210008;0.015171;0.002188
384;22.5;22.50;-45.00;50;-0.23589986;0.40210004;0.057893;-0.033560;-0.23135000;0.40060000;0.030950;0.018699
385;22.5;22.50;0.00;50;-0.24219992;0.41170010;0.058120;-0.033970;-0.23029994;0.39285004;0.030662;0.019097
386;112.5;112.50;90.00;50;-0.23639986;0.41635000;0.068408;0.005115;-0.21755000;0.40335016;0.018127;-0.020437
387;270;270.00;157.50;50;-0.23434994;0.40240004;0.013718;-0.009131;-0.23329996;0.42600004;0.071870;-0.006694
388;90;90.00;-180.00;50;-0.23839992;0.40320004;0.076082;-0.006074;-0.23414990;0.41525000;0.013943;-0.008899
389;0;0.00;-90.00;50;-0.24354998;0.40690010;0.045430;-0.036558;-0.23189986;0.41325008;0.042415;0.021670
390;67.5;67.50;67.50;50;-0.23794998;0.41850020;0.070723;-0.017048;-0.24484994;0.41540020;0.013816;0.002126
391;225;225.00;157.50;50;-0.22309998;0.40050004;0.022458;0.011848;-0.24079996;0.39545008;0.064856;-0.027004
392;337.5;337.50;112.50;50;-0.23424998;0.41660016;0.033020;-0.034651;-0.23049992;0.40630012;0.053662;0.019990
393;45;45.00;45.00;50;-0.23879996;0.39985000;0.065823;-0.026760;-0.22680004;0.39245000;0.022070;0.012168
394;135;135.00;90.00;50;-0.23699990;0.39390010;0.062061;0.013865;-0.23309996;0.40335008;0.022698;-0.029355
395;315;-45.00;-180.00;50;-0.24044996;0.39965020;0.024314;-0.029336;-0.23654994;0.39765008;0.063406;0.014031
396;157.5;-202.50;-157.50;50;-0.23914992;0.37929972;0.054553;0.019597;-0.22185000;0.39450008;0.033013;-0.035293
397;247.5;-112.50;90.00;50;-0.21985000;0.40100010;0.015552;0.002358;-0.24225000;0.39250004;0.070920;-0.017744
398;180;-180.00;-67.50;50;-0.23239996;0.39390000;0.041804;0.021868;-0.23769998;0.40430012;0.044192;-0.036750
399;292.5;-67.50;112.50;50;-0.22745004;0.40130012;0.016194;-0.019583;-0.23084990;0.39255010;0.067913;0.004900
400;202.5;-157.50;-90.00;50;-0.22719996;0.39825020;0.032188;0.019507;-0.23699992;0.39169992;0.055320;-0.034062
