smer;cyklus;cilovy_azimut;skutecne_natoceni;jump_deg;trim;xA;yA;axA;ayA;xC;yC;axC;ayC
CW;1;22.5;22.50;22.50;50;-0.23534998;0.52254980;0.035583;-0.034814;-0.23229998;0.52185000;0.058496;0.022937
CW;2;90;90.00;67.50;50;-0.24019996;0.51185000;0.016606;-0.006602;-0.23394992;0.50794990;0.079507;-0.004878
CW;3;315;-45.00;-135.00;50;-0.24384994;0.51094990;0.068162;-0.027559;-0.24024998;0.52204996;0.025994;0.016353
CW;4;247.5;-112.50;-67.50;50;-0.23974990;0.52299980;0.075498;0.006333;-0.24019990;0.51089984;0.018928;-0.018486
CW;5;135;-225.00;-112.50;50;-0.23414996;0.50275000;0.021877;0.015779;-0.23854998;0.50679980;0.069797;-0.027729
CW;6;202.5;-157.50;67.50;50;-0.23264992;0.51529984;0.058586;0.023066;-0.24665000;0.50729990;0.035730;-0.034753
CW;7;292.5;-67.50;90.00;50;-0.24069990;0.52585008;0.075737;-0.016694;-0.24125000;0.51995000;0.018513;0.005754
CW;8;180;-180.00;-112.50;50;-0.22519996;0.51019968;0.047527;0.025022;-0.22630002;0.50979970;0.047773;-0.036248
CW;9;157.5;-202.50;-22.50;50;-0.22804996;0.51124970;0.034141;0.022288;-0.23929984;0.51329976;0.059656;-0.033762
CW;10;225;-135.00;67.50;50;-0.22524996;0.49445000;0.068499;0.016584;-0.23754996;0.52309990;0.025610;-0.027729
CW;11;0;0.00;135.00;50;-0.24094992;0.50899970;0.046370;-0.037205;-0.23574994;0.51009992;0.050754;0.024771
CW;12;337.5;-22.50;-22.50;50;-0.24580002;0.51210000;0.059744;-0.033950;-0.23394992;0.51774996;0.036675;0.022012
CW;13;270;-90.00;-67.50;50;-0.23149992;0.50170000;0.077549;-0.005234;-0.25074998;0.51474976;0.016128;-0.005476
CW;14;45;45.00;135.00;50;-0.23664990;0.50009996;0.026577;-0.027664;-0.23549994;0.50909990;0.068970;0.016777
CW;15;67.5;67.50;22.50;50;-0.24174990;0.50214992;0.018672;-0.018215;-0.24229994;0.51424980;0.075769;0.007017
CW;16;112.5;112.50;45.00;50;-0.23684998;0.51949990;0.018311;0.005620;-0.23279990;0.51289980;0.076267;-0.017061
CW;17;337.5;-22.50;-135.00;50;-0.23144994;0.50135004;0.059028;-0.033872;-0.23119996;0.50074992;0.035215;0.022642
CW;18;225;-135.00;-112.50;50;-0.23169990;0.49775012;0.066768;0.015491;-0.24044996;0.51109976;0.027517;-0.028279
CW;19;45;-315.00;-180.00;50;-0.23989996;0.50710010;0.027693;-0.028220;-0.23509990;0.50934980;0.068657;0.016023
CW;20;135;-225.00;90.00;50;-0.24039992;0.51104976;0.024121;0.015645;-0.24444998;0.50244990;0.069458;-0.027107
CW;21;67.5;-292.50;-67.50;50;-0.24079990;0.51109992;0.018862;-0.017869;-0.22829996;0.50275000;0.074802;0.006646
CW;22;202.5;-157.50;135.00;50;-0.22974998;0.49985004;0.058762;0.022983;-0.24154992;0.51219990;0.035732;-0.034062
CW;23;315;-45.00;112.50;50;-0.22870000;0.51129984;0.069304;-0.027100;-0.22914994;0.49670004;0.025337;0.015901
CW;24;157.5;-202.50;-157.50;50;-0.23384996;0.50534992;0.033975;0.022244;-0.24524996;0.50374980;0.060168;-0.033645
CW;25;90;-270.00;-67.50;50;-0.23539992;0.49795010;0.015425;-0.006758;-0.22470002;0.50704984;0.080671;-0.004792
CW;26;112.5;-247.50;22.50;50;-0.23814996;0.50134990;0.017185;0.005054;-0.23240000;0.49670016;0.076086;-0.017180
CW;27;180;-180.00;67.50;50;-0.23179992;0.50694980;0.048059;0.024834;-0.23419996;0.50825000;0.047639;-0.036064
CW;28;0;-360.00;-180.00;50;-0.24089996;0.50614970;0.046638;-0.036360;-0.23249994;0.51894984;0.046780;0.025063
CW;29;270;-90.00;-90.00;50;-0.23229992;0.48285004;0.078574;-0.005518;-0.25250006;0.52325004;0.015999;-0.006057
CW;30;22.5;22.50;112.50;50;-0.23939996;0.49889990;0.036218;-0.034348;-0.23425000;0.51309990;0.058081;0.022808
CW;31;247.5;-112.50;-135.00;50;-0.23909986;0.48989992;0.075481;0.006814;-0.23844996;0.50405000;0.019333;-0.017676
CW;32;292.5;-67.50;45.00;50;-0.24425000;0.51444970;0.075693;-0.016899;-0.23839992;0.51889984;0.018904;0.005732
CW;33;270;-90.00;-22.50;50;-0.22455002;0.49935000;0.079348;-0.004661;-0.23894990;0.51869990;0.014878;-0.005417
CW;34;0;0.00;90.00;50;-0.23879992;0.50229990;0.047769;-0.036592;-0.23429994;0.51364980;0.047090;0.025322
CW;35;112.5;112.50;112.50;50;-0.24620004;0.51809984;0.018914;0.006101;-0.23499992;0.50329996;0.076299;-0.017231
CW;36;157.5;157.50;45.00;50;-0.24084990;0.50314990;0.035210;0.023054;-0.24694990;0.50749990;0.060017;-0.033606
CW;37;90;90.00;-67.50;50;-0.23379996;0.51629990;0.018796;-0.006548;-0.24169998;0.50025004;0.080552;-0.004844
CW;38;67.5;67.50;-22.50;50;-0.23889992;0.51709980;0.018821;-0.018013;-0.23619988;0.49795004;0.075432;0.007188
CW;39;225;225.00;157.50;50;-0.24605004;0.50825008;0.068069;0.016860;-0.22699990;0.50749992;0.024248;-0.027505
CW;40;202.5;202.50;-22.50;50;-0.22224996;0.50749990;0.058916;0.023130;-0.23664994;0.50834980;0.036953;-0.034478
CW;41;22.5;22.50;-180.00;50;-0.24089996;0.50879990;0.035876;-0.034424;-0.22789990;0.50704990;0.058501;0.023225
CW;42;180;180.00;157.50;50;-0.22560002;0.51639984;0.047781;0.025667;-0.23415000;0.51484980;0.049280;-0.036846
CW;43;247.5;247.50;67.50;50;-0.23849992;0.50999976;0.075549;0.006499;-0.24715004;0.51024976;0.019119;-0.017744
CW;44;45;45.00;45.00;50;-0.23999996;0.50999990;0.025142;-0.028120;-0.22234996;0.49594990;0.069297;0.016555
CW;45;292.5;-67.50;-112.50;50;-0.23699994;0.50739980;0.075388;-0.017009;-0.24524996;0.50484976;0.018049;0.005977
CW;46;315;-45.00;22.50;50;-0.23769992;0.51149990;0.070056;-0.026255;-0.23215002;0.49999990;0.026873;0.015786
CW;47;337.5;-22.50;22.50;50;-0.24144996;0.50789990;0.059980;-0.033716;-0.23734992;0.51549968;0.035889;0.022458
CW;48;135;135.00;157.50;50;-0.24074990;0.51624990;0.028330;0.015881;-0.23559998;0.50545000;0.071680;-0.026277
CW;49;157.5;157.50;22.50;50;-0.23054992;0.51409984;0.035117;0.022717;-0.23974990;0.50614980;0.059563;-0.033704
CW;50;315;315.00;157.50;50;-0.23759992;0.51009980;0.069416;-0.027195;-0.22655004;0.51529990;0.026255;0.015979
CW;51;292.5;292.50;-22.50;50;-0.23594996;0.50375000;0.075842;-0.016785;-0.24004982;0.50919990;0.019009;0.005959
CW;52;90;90.00;90.00;50;-0.23659990;0.50730000;0.017729;-0.006580;-0.23684994;0.50204980;0.078684;-0.005276
CW;53;202.5;202.50;112.50;50;-0.23004996;0.50954980;0.058254;0.023186;-0.23279992;0.51134990;0.036135;-0.033838
CW;54;45;45.00;-157.50;50;-0.23010002;0.51309972;0.026428;-0.028293;-0.23574992;0.51704996;0.069702;0.016636
CW;55;112.5;112.50;67.50;50;-0.23554996;0.50969992;0.018291;0.005559;-0.23454996;0.50789992;0.075684;-0.016750
CW;56;270;270.00;157.50;50;-0.23874992;0.49589990;0.077417;-0.005159;-0.23894990;0.49884984;0.017073;-0.005632
CW;57;135;135.00;-135.00;50;-0.22865000;0.51509980;0.024304;0.015891;-0.22459992;0.49795004;0.071851;-0.027815
CW;58;67.5;67.50;-67.50;50;-0.23654994;0.50514980;0.018040;-0.018357;-0.23484994;0.51399976;0.075117;0.006611
CW;59;0;0.00;-67.50;50;-0.23424994;0.52529996;0.046123;-0.035808;-0.23594990;0.52024996;0.052542;0.024680
CW;60;225;-135.00;-135.00;50;-0.23275000;0.51934980;0.073347;0.016929;-0.24179996;0.51559990;0.022949;-0.028062
CW;61;180;-180.00;-45.00;50;-0.22535000;0.52179970;0.046965;0.025076;-0.23894998;0.51699984;0.046309;-0.036152
CW;62;337.5;-22.50;157.50;50;-0.23969988;0.52509992;0.059863;-0.034045;-0.24164988;0.52275000;0.036111;0.023059
CW;63;22.5;22.50;45.00;50;-0.24089990;0.51959984;0.036125;-0.034221;-0.22869994;0.50629990;0.058721;0.023047
CW;64;247.5;-112.50;-135.00;50;-0.23024996;0.51909984;0.075518;0.006646;-0.23674984;0.52879996;0.019531;-0.017754
CW;65;157.5;-202.50;-90.00;50;-0.24094996;0.50724990;0.034673;0.022659;-0.23899992;0.50769996;0.059170;-0.033770
CW;66;0;-360.00;-157.50;50;-0.23649996;0.52009992;0.047632;-0.036555;-0.21530000;0.51904980;0.049414;0.026174
CW;67;180;-180.00;-180.00;50;-0.23544998;0.51574990;0.048770;0.024668;-0.23874992;0.51514984;0.047620;-0.036602
CW;68;247.5;-112.50;67.50;50;-0.23944998;0.50524990;0.075698;0.006667;-0.23849984;0.51609976;0.019880;-0.017551
CW;69;112.5;-247.50;-135.00;50;-0.22869998;0.52500010;0.018518;0.005488;-0.23669986;0.51714984;0.076213;-0.016672
CW;70;67.5;-292.50;-45.00;50;-0.24079996;0.50984968;0.019590;-0.017952;-0.23889990;0.51754990;0.076484;0.007119
CW;71;292.5;-67.50;-67.50;50;-0.23694996;0.51689980;0.076304;-0.016404;-0.23954998;0.51819990;0.019390;0.006194
CW;72;90;90.00;157.50;50;-0.23649994;0.51139984;0.017578;-0.006777;-0.24490000;0.50809976;0.079243;-0.004631
CW;73;225;225.00;135.00;50;-0.23785000;0.51614976;0.071016;0.016987;-0.23300000;0.52360004;0.026355;-0.027639
CW;74;202.5;202.50;-22.50;50;-0.24034996;0.52014992;0.059419;0.023428;-0.25340012;0.51109976;0.036506;-0.033994
CW;75;315;315.00;112.50;50;-0.25164996;0.50720000;0.070217;-0.026482;-0.22345004;0.51564980;0.024480;0.016982
CW;76;45;45.00;45.00;50;-0.23764998;0.52274996;0.027632;-0.028047;-0.23359992;0.51144976;0.071484;0.016265
CW;77;337.5;-22.50;-67.50;50;-0.25004998;0.52064984;0.059307;-0.033853;-0.24139990;0.52084992;0.035105;0.022473
CW;78;135;135.00;157.50;50;-0.23229998;0.52735008;0.024160;0.016226;-0.23554990;0.51074992;0.071631;-0.026729
CW;79;22.5;22.50;-112.50;50;-0.24404994;0.51449984;0.035991;-0.034207;-0.24340002;0.51759980;0.058440;0.023359
CW;80;270;-90.00;-112.50;50;-0.24019996;0.52064990;0.077866;-0.004734;-0.23265000;0.51054990;0.016978;-0.006201
CW;81;67.5;67.50;157.50;50;-0.23009998;0.51549984;0.019185;-0.017703;-0.23179988;0.50904996;0.075273;0.006719
CW;82;180;180.00;112.50;50;-0.21660000;0.52389984;0.054045;0.025117;-0.22980000;0.51894970;0.049844;-0.035920
CW;83;45;45.00;-135.00;50;-0.24055006;0.52114992;0.022532;-0.027217;-0.23269994;0.50580000;0.068596;0.016904
CW;84;225;-135.00;-180.00;50;-0.23089996;0.50319992;0.067300;0.016572;-0.24369996;0.51659990;0.026416;-0.027556
CW;85;90;-270.00;-135.00;50;-0.23579994;0.51494990;0.018013;-0.006233;-0.23929996;0.50144992;0.077656;-0.004907
CW;86;315;-45.00;-45.00;50;-0.24985002;0.52145000;0.067952;-0.026450;-0.23310000;0.52645000;0.029150;0.016162
CW;87;0;0.00;45.00;50;-0.23664992;0.51209984;0.046699;-0.036453;-0.23189992;0.50509990;0.043796;0.025874
CW;88;112.5;112.50;112.50;50;-0.23499992;0.51184980;0.018264;0.005947;-0.24590000;0.50744980;0.076252;-0.015957
CW;89;337.5;-22.50;-135.00;50;-0.23954984;0.51449970;0.059512;-0.034036;-0.23924984;0.50579990;0.035286;0.023127
CW;90;135;135.00;157.50;50;-0.23769990;0.53139996;0.027000;0.015759;-0.25280002;0.50305010;0.070249;-0.026670
CW;91;292.5;292.50;157.50;50;-0.23814996;0.51489984;0.076062;-0.016697;-0.23494998;0.51884980;0.019158;0.006465
CW;92;270;270.00;-22.50;50;-0.22554990;0.50324992;0.078513;-0.004873;-0.24289996;0.52149990;0.018643;-0.005732
CW;93;247.5;247.50;-22.50;50;-0.23549988;0.51049980;0.075139;0.006750;-0.24514990;0.51769990;0.019077;-0.017422
CW;94;157.5;157.50;-90.00;50;-0.23504990;0.51854980;0.035007;0.022888;-0.23789990;0.52060010;0.059495;-0.033601
CW;95;22.5;22.50;-135.00;50;-0.24640004;0.51749976;0.035862;-0.033892;-0.23334998;0.51664980;0.057920;0.023560
CW;96;202.5;-157.50;-180.00;50;-0.24209994;0.52445000;0.058064;0.023315;-0.23724992;0.52849996;0.035720;-0.033879
CW;97;67.5;-292.50;-135.00;50;-0.23545004;0.51074976;0.018669;-0.017583;-0.24284988;0.51754992;0.075300;0.007502
CW;98;22.5;-337.50;-45.00;50;-0.25965004;0.53665030;0.035981;-0.033264;-0.23844992;0.51764980;0.059268;0.023333
CW;99;45;-315.00;22.50;50;-0.23649992;0.52895004;0.025793;-0.027041;-0.25080004;0.51759976;0.066086;0.016904
CW;100;0;-360.00;-45.00;50;-0.24525004;0.52319990;0.046692;-0.035872;-0.23235000;0.52305000;0.045818;0.026187
CW;101;315;-45.00;-45.00;50;-0.24089996;0.50994990;0.072241;-0.026099;-0.24289994;0.53430010;0.032852;0.016443
CW;102;112.5;112.50;157.50;50;-0.23804984;0.51919984;0.019438;0.005984;-0.24499988;0.51924980;0.076614;-0.016208
CW;103;225;225.00;112.50;50;-0.23579992;0.51139970;0.068154;0.017107;-0.24419988;0.51569984;0.026270;-0.026880
CW;104;202.5;202.50;-22.50;50;-0.24335002;0.52175000;0.057988;0.024028;-0.25830004;0.52854996;0.036067;-0.033479
CW;105;270;270.00;67.50;50;-0.23759986;0.52255000;0.079485;-0.004197;-0.24374994;0.53195008;0.019121;-0.004854
CW;106;135;135.00;-135.00;50;-0.24274998;0.53495016;0.025645;0.016001;-0.25850010;0.53160008;0.069568;-0.026724
CW;107;157.5;157.50;22.50;50;-0.24184984;0.53370016;0.035742;0.023335;-0.25025000;0.53470000;0.059910;-0.033381
CW;108;337.5;-22.50;-180.00;50;-0.24589996;0.53655016;0.060022;-0.033118;-0.24665004;0.53420000;0.035061;0.023057
CW;109;90;90.00;112.50;50;-0.24685002;0.53255020;0.016538;-0.004800;-0.26465000;0.53720016;0.078994;-0.004390
CW;110;292.5;-67.50;-157.50;50;-0.25155004;0.53580020;0.076079;-0.015935;-0.24669992;0.53005004;0.018525;0.006011
CW;111;180;-180.00;-112.50;50;-0.23749992;0.52269996;0.045684;0.025703;-0.25099996;0.53790010;0.050996;-0.034646
CW;112;247.5;-112.50;67.50;50;-0.23984984;0.53505004;0.075510;0.007468;-0.25860006;0.53245010;0.020012;-0.017148
CW;113;225;-135.00;-22.50;50;-0.24299994;0.52104984;0.069199;0.017063;-0.26530004;0.52965010;0.028518;-0.027517
CW;114;90;-270.00;-135.00;50;-0.25425000;0.53820020;0.015701;-0.005259;-0.23584994;0.50749990;0.082559;-0.004399
CW;115;270;-90.00;-90.00;50;-0.25775006;0.52709990;0.080256;-0.003716;-0.24930000;0.53725010;0.019065;-0.004800
CW;116;247.5;-112.50;-22.50;50;-0.24980000;0.53410020;0.075935;0.007732;-0.25360000;0.54550020;0.020349;-0.017136
CW;117;337.5;-22.50;90.00;50;-0.24770004;0.52674996;0.060642;-0.032588;-0.25285012;0.52634990;0.037251;0.022922
CW;118;112.5;112.50;135.00;50;-0.24619990;0.54165010;0.019458;0.006465;-0.25595006;0.53980030;0.077048;-0.016335
CW;119;180;180.00;67.50;50;-0.25870010;0.53125008;0.045210;0.025959;-0.25190004;0.55424980;0.045920;-0.035747
CW;120;135;135.00;-45.00;50;-0.25505000;0.54100010;0.028508;0.016677;-0.25019996;0.53855016;0.068406;-0.026157
CW;121;45;45.00;-90.00;50;-0.25150004;0.54160032;0.024619;-0.027026;-0.25090004;0.53015008;0.070066;0.017334
CW;122;292.5;-67.50;-112.50;50;-0.25505006;0.52509970;0.075986;-0.015686;-0.24774996;0.54920020;0.018984;0.006353
CW;123;157.5;-202.50;-135.00;50;-0.24730004;0.53285024;0.035188;0.023135;-0.25620010;0.54410016;0.059858;-0.033052
CW;124;67.5;-292.50;-90.00;50;-0.24965002;0.53945010;0.019968;-0.017510;-0.25155000;0.54390016;0.075198;0.007703
CW;125;202.5;-157.50;135.00;50;-0.24114990;0.54860016;0.058906;0.024128;-0.25435008;0.54684996;0.036829;-0.033364
CW;126;315;-45.00;112.50;50;-0.25580000;0.54320016;0.070989;-0.026135;-0.24919994;0.55045010;0.026406;0.016343
CW;127;22.5;22.50;67.50;50;-0.24825000;0.54530040;0.036472;-0.033616;-0.24650000;0.54355010;0.059165;0.024148
CW;128;0;0.00;-22.50;50;-0.26515000;0.54340016;0.047202;-0.035735;-0.24159990;0.53640016;0.050771;0.026265
CW;129;202.5;-157.50;-157.50;50;-0.24434994;0.54710008;0.058611;0.024033;-0.25940008;0.54765000;0.036572;-0.033479
CW;130;0;0.00;157.50;50;-0.25295010;0.54135030;0.050037;-0.035483;-0.24820006;0.54085016;0.045437;0.025879
CW;131;112.5;112.50;112.50;50;-0.25605016;0.54935016;0.018921;0.006975;-0.25335008;0.53785016;0.077009;-0.016287
CW;132;337.5;-22.50;-135.00;50;-0.24760000;0.53330016;0.059553;-0.032961;-0.25335004;0.54570020;0.035833;0.023650
CW;133;135;135.00;157.50;50;-0.24084990;0.54430000;0.026206;0.016943;-0.24669994;0.53975004;0.070693;-0.026235
CW;134;270;270.00;135.00;50;-0.24980012;0.52780000;0.077766;-0.005002;-0.25915012;0.53810020;0.020164;-0.004924
CW;135;225;225.00;-45.00;50;-0.25384998;0.53049992;0.070078;0.017410;-0.26055000;0.54295016;0.026606;-0.026687
CW;136;45;45.00;-180.00;50;-0.25560006;0.54255020;0.025869;-0.027397;-0.23499998;0.52639980;0.069536;0.017527
CW;137;247.5;-112.50;-157.50;50;-0.24690000;0.53520010;0.075432;0.007368;-0.24715000;0.53615016;0.019714;-0.017080
CW;138;180;-180.00;-67.50;50;-0.24364988;0.53615010;0.046997;0.025854;-0.25375010;0.54225016;0.049377;-0.035728
CW;139;315;-45.00;135.00;50;-0.25280002;0.54210020;0.072500;-0.025771;-0.25199996;0.55305000;0.028347;0.016765
CW;140;292.5;-67.50;-22.50;50;-0.25585008;0.54065000;0.075432;-0.016194;-0.24429990;0.55010010;0.019834;0.006523
CW;141;90;90.00;157.50;50;-0.25495014;0.54785024;0.018618;-0.005515;-0.24924998;0.54005020;0.079956;-0.004399
CW;142;22.5;22.50;-67.50;50;-0.25340004;0.54155010;0.037178;-0.033452;-0.24244990;0.53580010;0.059463;0.023594
CW;143;67.5;67.50;45.00;50;-0.25290006;0.53255004;0.019587;-0.017068;-0.24654996;0.53140000;0.076050;0.007605
CW;144;157.5;157.50;90.00;50;-0.24899998;0.54335010;0.035505;0.023601;-0.25380010;0.54165024;0.060129;-0.033247
CW;145;247.5;247.50;90.00;50;-0.25550008;0.53570020;0.075710;0.007629;-0.25175000;0.55524980;0.019729;-0.017048
CW;146;337.5;337.50;90.00;50;-0.26015004;0.53280000;0.060127;-0.033152;-0.25010002;0.54335016;0.036846;0.023323
CW;147;157.5;157.50;-180.00;50;-0.24534992;0.54495000;0.034814;0.023296;-0.26020004;0.53930016;0.060215;-0.033347
CW;148;292.5;292.50;135.00;50;-0.25220004;0.53910010;0.075977;-0.016223;-0.24975000;0.54500010;0.019651;0.006431
CW;149;67.5;67.50;67.50;50;-0.25520010;0.53770000;0.018918;-0.017222;-0.24744996;0.54445016;0.075854;0.007231
CW;150;270;-90.00;-157.50;50;-0.25635004;0.54210020;0.076482;-0.004060;-0.25139996;0.55080016;0.019609;-0.005684
CW;151;202.5;-157.50;-67.50;50;-0.25350008;0.53450010;0.058545;0.023809;-0.24564990;0.55240010;0.036602;-0.033542
CW;152;45;-315.00;-157.50;50;-0.24720002;0.53875008;0.026213;-0.027019;-0.26944996;0.53735008;0.068428;0.017754
CW;153;225;-135.00;-135.00;50;-0.24404998;0.54155010;0.070283;0.017188;-0.26179992;0.53640010;0.025820;-0.027236
CW;154;112.5;-247.50;-112.50;50;-0.25615008;0.53615004;0.018052;0.005786;-0.24039990;0.53095008;0.075940;-0.016174
CW;155;90;-270.00;-22.50;50;-0.25939996;0.53545016;0.017422;-0.005894;-0.25680006;0.51569984;0.077563;-0.004893
CW;156;180;-180.00;90.00;50;-0.24870002;0.53279996;0.044565;0.025605;-0.25670008;0.53520020;0.047939;-0.035327
CW;157;22.5;-337.50;-157.50;50;-0.24690002;0.54630010;0.036401;-0.033743;-0.23859986;0.52239990;0.058835;0.023530
CW;158;0;-360.00;-22.50;50;-0.24774998;0.52444992;0.047639;-0.035662;-0.24800000;0.53275010;0.045388;0.026108
CW;159;135;-225.00;135.00;50;-0.25690008;0.55020000;0.026973;0.016567;-0.25125004;0.51949990;0.073850;-0.026602
CW;160;315;-45.00;-45.00;50;-0.23369998;0.55665000;0.070984;-0.024895;-0.25454990;0.54125010;0.030654;0.016270
CW;161;202.5;-157.50;-112.50;50;-0.24830000;0.52975004;0.057434;0.023286;-0.25230010;0.53600010;0.036985;-0.033755
CW;162;247.5;-112.50;45.00;50;-0.23759984;0.52624990;0.075796;0.006765;-0.24274990;0.54085016;0.020154;-0.017515
CW;163;67.5;-292.50;-180.00;50;-0.25365010;0.53435016;0.019258;-0.017610;-0.25304996;0.53150004;0.075872;0.006819
CW;164;270;-90.00;-90.00;50;-0.24280004;0.50934992;0.078181;-0.005137;-0.25869992;0.54585010;0.021211;-0.005205
CW;165;225;-135.00;-45.00;50;-0.25935000;0.53450010;0.066572;0.016636;-0.24429996;0.54155010;0.026604;-0.027695
CW;166;292.5;-67.50;67.50;50;-0.24849992;0.53100000;0.076116;-0.016606;-0.24289994;0.53575016;0.019355;0.006238
CW;167;315;-45.00;22.50;50;-0.25200006;0.53345008;0.069617;-0.027012;-0.24890002;0.53605016;0.026174;0.016003
CW;168;157.5;-202.50;-157.50;50;-0.24799994;0.52859990;0.034778;0.022849;-0.24339990;0.53285000;0.060146;-0.033760
CW;169;45;-315.00;-112.50;50;-0.24695008;0.53910008;0.025259;-0.027214;-0.22325006;0.51899990;0.071851;0.017212
CW;170;90;-270.00;45.00;50;-0.24715004;0.53820016;0.013940;-0.005410;-0.24204998;0.52550000;0.075759;-0.005596
CW;171;22.5;-337.50;-67.50;50;-0.24834992;0.54240020;0.036460;-0.034146;-0.24994992;0.53229992;0.058752;0.023538
CW;172;337.5;-382.50;-45.00;50;-0.25429996;0.53505004;0.059539;-0.033459;-0.25315008;0.52484990;0.036150;0.022476
CW;173;180;-180.00;-180.00;50;-0.24444996;0.53525010;0.047922;0.025820;-0.25690008;0.54410004;0.048608;-0.035989
CW;174;112.5;-247.50;-67.50;50;-0.25540012;0.53560008;0.018916;0.006216;-0.25465006;0.54445010;0.076360;-0.016777
CW;175;0;-360.00;-112.50;50;-0.24544990;0.54025030;0.047109;-0.036152;-0.24840004;0.53494996;0.046145;0.025747
CW;176;135;-225.00;135.00;50;-0.25205004;0.52965004;0.022825;0.015540;-0.26430000;0.54320010;0.066492;-0.027498
CW;177;292.5;-67.50;157.50;50;-0.23914992;0.53430000;0.076602;-0.016335;-0.25065002;0.54955000;0.019631;0.006052
CW;178;270;-90.00;-22.50;50;-0.26185006;0.53855016;0.079978;-0.004260;-0.24304996;0.54650016;0.017673;-0.006052
CW;179;22.5;22.50;112.50;50;-0.25935006;0.53545004;0.036570;-0.034580;-0.25034994;0.54285020;0.059583;0.023689
CW;180;157.5;157.50;135.00;50;-0.24774996;0.53555020;0.036702;0.022830;-0.25045002;0.54475016;0.059919;-0.033677
CW;181;225;225.00;67.50;50;-0.24515002;0.52480000;0.071555;0.016606;-0.25565008;0.54115016;0.025200;-0.027615
CW;182;90;90.00;-135.00;50;-0.26900002;0.54645016;0.017444;-0.006533;-0.25039998;0.53970024;0.078665;-0.004927
CW;183;67.5;67.50;-22.50;50;-0.26060004;0.54210000;0.019358;-0.017627;-0.25485000;0.54964996;0.076304;0.006746
CW;184;135;135.00;67.50;50;-0.25240004;0.54515004;0.026394;0.015752;-0.25645012;0.54515010;0.071047;-0.026482
CW;185;45;45.00;-90.00;50;-0.25099996;0.54140000;0.026570;-0.027476;-0.23914992;0.54595020;0.071765;0.016951
CW;186;202.5;202.50;157.50;50;-0.24790000;0.54954992;0.059165;0.023584;-0.25100004;0.54630010;0.037078;-0.033779
CW;187;247.5;247.50;45.00;50;-0.25220000;0.55015000;0.076016;0.007021;-0.26775002;0.54325000;0.019949;-0.017466
CW;188;180;180.00;-67.50;50;-0.24225000;0.55429984;0.049419;0.026067;-0.26399996;0.55370000;0.049512;-0.036245
CW;189;112.5;112.50;-67.50;50;-0.25204986;0.56345010;0.019158;0.006375;-0.26749996;0.53955020;0.076123;-0.016802
CW;190;0;0.00;-112.50;50;-0.26259994;0.54975000;0.049907;-0.035188;-0.24985002;0.55500008;0.046909;0.026035
CW;191;337.5;-22.50;-22.50;50;-0.25279988;0.54405004;0.060261;-0.033420;-0.25370000;0.54815020;0.035952;0.023074
CW;192;315;-45.00;-22.50;50;-0.26580004;0.53955010;0.069785;-0.026494;-0.24389996;0.54670000;0.026553;0.016963
CW;193;67.5;67.50;112.50;50;-0.26170000;0.55345000;0.019238;-0.017603;-0.25965002;0.54030016;0.075720;0.007354
CW;194;225;225.00;157.50;50;-0.26070008;0.55360010;0.068662;0.017146;-0.25975000;0.54905010;0.027600;-0.026443
CW;195;45;45.00;-180.00;50;-0.25210010;0.54790000;0.026592;-0.027549;-0.25660000;0.54765010;0.069790;0.017292
CW;196;22.5;22.50;-22.50;50;-0.26019996;0.54745024;0.036101;-0.033774;-0.26095006;0.55000000;0.058813;0.023567
CW;197;157.5;157.50;135.00;50;-0.23329998;0.56380004;0.036289;0.023330;-0.26585004;0.56150010;0.060208;-0.032966
CW;198;247.5;247.50;90.00;50;-0.25130000;0.54735016;0.075571;0.007292;-0.26454996;0.56145010;0.020032;-0.017148
CW;199;112.5;112.50;-135.00;50;-0.26164996;0.54420024;0.018799;0.005715;-0.25775006;0.55205000;0.076465;-0.016409
CW;200;292.5;-67.50;-180.00;50;-0.25160016;0.54390016;0.075879;-0.016055;-0.25199996;0.55645010;0.019058;0.006506
CW;201;337.5;-22.50;45.00;50;-0.25400004;0.55484984;0.059893;-0.032930;-0.25130000;0.56015000;0.035415;0.023606
CW;202;135;135.00;157.50;50;-0.25965002;0.55650010;0.029717;0.016367;-0.26559996;0.55450010;0.069060;-0.026409
CW;203;90;90.00;-45.00;50;-0.26099998;0.54929996;0.017061;-0.005547;-0.24710002;0.55925008;0.078091;-0.004531
CW;204;315;-45.00;-135.00;50;-0.25305004;0.54265010;0.070103;-0.026965;-0.26484996;0.54790020;0.027847;0.015334
CW;205;0;0.00;45.00;50;-0.26724996;0.53920030;0.046553;-0.036348;-0.24834996;0.55200016;0.047664;0.025447
CW;206;180;-180.00;-180.00;50;-0.25869992;0.55645000;0.048301;0.024910;-0.25480004;0.54480030;0.050042;-0.035398
CW;207;202.5;-157.50;22.50;50;-0.24620000;0.54485024;0.058372;0.023503;-0.25575004;0.54690004;0.036938;-0.033850
CW;208;270;-90.00;67.50;50;-0.25240000;0.54695016;0.080579;-0.003953;-0.26509988;0.54960000;0.016909;-0.005508
CW;209;202.5;-157.50;-67.50;50;-0.26195004;0.54420030;0.058816;0.023594;-0.26490006;0.55265000;0.037751;-0.033555
CW;210;225;-135.00;22.50;50;-0.26190004;0.53335020;0.068354;0.017092;-0.24940004;0.54230004;0.024761;-0.027715
CW;211;315;-45.00;90.00;50;-0.26360000;0.55525010;0.070293;-0.026001;-0.25910000;0.54775010;0.028274;0.015459
CW;212;270;-90.00;-45.00;50;-0.25735006;0.53820016;0.078948;-0.005081;-0.26779996;0.54925010;0.016819;-0.005928
CW;213;67.5;67.50;157.50;50;-0.26220000;0.54805000;0.019734;-0.017600;-0.25830000;0.52309984;0.076106;0.007175
CW;214;22.5;22.50;-45.00;50;-0.25950016;0.54525008;0.036624;-0.034043;-0.25965000;0.54485020;0.059089;0.023401
CW;215;247.5;-112.50;-135.00;50;-0.25805000;0.54225020;0.075332;0.006985;-0.26165000;0.54490008;0.019907;-0.017478
CW;216;45;45.00;157.50;50;-0.26665000;0.54030010;0.025054;-0.027661;-0.24830004;0.53760016;0.068562;0.016543
CW;217;292.5;-67.50;-112.50;50;-0.25810004;0.54220016;0.076863;-0.016099;-0.26380002;0.53840020;0.018186;0.005742
CW;218;90;90.00;157.50;50;-0.26480000;0.55845000;0.017778;-0.005391;-0.26250000;0.54455020;0.077576;-0.004133
CW;219;112.5;112.50;22.50;50;-0.25425010;0.54680024;0.018955;0.006272;-0.26185000;0.53320000;0.076360;-0.015972
CW;220;135;135.00;22.50;50;-0.26354998;0.55875000;0.024766;0.016443;-0.25420008;0.55585010;0.070491;-0.026377
CW;221;337.5;-22.50;-157.50;50;-0.25655004;0.54525024;0.059644;-0.033042;-0.24805002;0.55079996;0.035483;0.023208
CW;222;157.5;-202.50;-180.00;50;-0.26934992;0.53895030;0.035137;0.022751;-0.25495014;0.54535024;0.059851;-0.033391
CW;223;0;-360.00;-157.50;50;-0.26135010;0.55559990;0.047766;-0.035693;-0.24484996;0.54675024;0.047319;0.025371
CW;224;180;-180.00;-180.00;50;-0.25015000;0.55065000;0.047036;0.026172;-0.25400010;0.54470000;0.050410;-0.035056
CW;225;337.5;-22.50;157.50;50;-0.26654996;0.55425000;0.060073;-0.033613;-0.25560000;0.55475000;0.037024;0.022947
CW;226;180;-180.00;-157.50;50;-0.25385008;0.55000000;0.049282;0.024651;-0.25095000;0.54595030;0.049395;-0.036177
CW;227;157.5;-202.50;-22.50;50;-0.25135004;0.54095024;0.034978;0.022703;-0.26404998;0.53970024;0.060303;-0.033110
CW;228;90;-270.00;-67.50;50;-0.25370000;0.55270004;0.015398;-0.005234;-0.25270004;0.53415010;0.077749;-0.004443
CW;229;292.5;-67.50;-67.50;50;-0.24614996;0.54035000;0.076433;-0.016948;-0.25179996;0.54960000;0.019856;0.005989
CW;230;225;-135.00;-67.50;50;-0.25594996;0.54320016;0.066233;0.016975;-0.26050004;0.54750010;0.026262;-0.027227
CW;231;0;0.00;135.00;50;-0.25830008;0.54975016;0.046848;-0.036008;-0.25800008;0.54399996;0.045552;0.025508
CW;232;67.5;67.50;67.50;50;-0.25875004;0.52840008;0.020264;-0.017534;-0.24384996;0.54555010;0.076467;0.007329
CW;233;202.5;202.50;135.00;50;-0.24129992;0.54445000;0.059475;0.023625;-0.24729990;0.54235008;0.036980;-0.033992
CW;234;45;45.00;-157.50;50;-0.25965008;0.55965008;0.025901;-0.027197;-0.24445002;0.55260016;0.069480;0.017144
CW;235;112.5;112.50;67.50;50;-0.24434996;0.55284992;0.019355;0.005920;-0.25385000;0.54440016;0.076868;-0.016973
CW;236;247.5;247.50;135.00;50;-0.25280008;0.54055008;0.076248;0.007292;-0.25450010;0.55200020;0.019690;-0.017529
CW;237;22.5;382.50;135.00;50;-0.25680012;0.54060020;0.036682;-0.033875;-0.24249996;0.53935016;0.063020;0.023579
CW;238;270;270.00;-112.50;50;-0.23924990;0.53480008;0.078840;-0.004626;-0.24334996;0.54360024;0.017781;-0.005481
CW;239;135;135.00;-135.00;50;-0.24540002;0.54220010;0.022986;0.016528;-0.24824996;0.55200010;0.067490;-0.027092
CW;240;315;-45.00;-180.00;50;-0.25404996;0.53780010;0.069285;-0.026421;-0.24570008;0.54975010;0.024585;0.016438
CCW;1;315;-45.00;0.00;50;-0.24994998;0.54385020;0.069861;-0.026475;-0.24534998;0.53670020;0.024404;0.015503
CCW;2;67.5;67.50;112.50;50;-0.24900006;0.53615010;0.058806;0.023455;-0.25545012;0.54275008;0.035452;-0.033179
CCW;3;270;-90.00;-157.50;50;-0.24700008;0.54095030;0.048594;-0.035732;-0.25270004;0.53180004;0.045198;0.026165
CCW;4;90;-270.00;-180.00;50;-0.25080000;0.53220004;0.046841;0.025547;-0.25230000;0.53180016;0.047146;-0.036045
CCW;5;22.5;-337.50;-67.50;50;-0.23969996;0.53349996;0.076677;0.007507;-0.24530002;0.53605020;0.019036;-0.017800
CCW;6;157.5;-202.50;135.00;50;-0.24329994;0.54090024;0.018884;0.005886;-0.25490000;0.53250010;0.075381;-0.016506
CCW;7;292.5;-67.50;135.00;50;-0.26544996;0.52849996;0.059531;-0.033359;-0.24615000;0.52194990;0.035076;0.022620
CCW;8;180;-180.00;-112.50;50;-0.25679994;0.54330016;0.015933;-0.005271;-0.25059992;0.53000010;0.081770;-0.003396
CCW;9;0;-360.00;-180.00;50;-0.25590006;0.52345000;0.077668;-0.004409;-0.23864984;0.52759992;0.015413;-0.005261
CCW;10;247.5;-112.50;-112.50;50;-0.25475000;0.52384996;0.036392;-0.033528;-0.25615008;0.52774996;0.058596;0.023704
CCW;11;337.5;-22.50;90.00;50;-0.25630012;0.52564996;0.075442;-0.016377;-0.25840000;0.52044992;0.018569;0.006111
CCW;12;225;-135.00;-112.50;50;-0.24939996;0.52900000;0.025793;-0.027156;-0.26529992;0.53675020;0.067803;0.017212
CCW;13;45;-315.00;-180.00;50;-0.25645012;0.52194992;0.071267;0.017175;-0.23874994;0.53410024;0.026375;-0.027617
CCW;14;202.5;-157.50;157.50;50;-0.24935000;0.52494984;0.019460;-0.017063;-0.25365008;0.52219990;0.075012;0.007454
CCW;15;135;-225.00;-67.50;50;-0.24705004;0.52894990;0.024001;0.017937;-0.24594996;0.52340000;0.069233;-0.027195
CCW;16;112.5;-247.50;-22.50;50;-0.24764996;0.52785000;0.036230;0.023252;-0.26250008;0.52119992;0.059426;-0.033352
CCW;17;180;-180.00;67.50;50;-0.25025004;0.52735000;0.014956;-0.006045;-0.25745000;0.52424984;0.075439;-0.005000
CCW;18;202.5;-157.50;22.50;50;-0.24735002;0.52949992;0.019431;-0.017415;-0.25235000;0.52274984;0.075525;0.007266
CCW;19;337.5;-22.50;135.00;50;-0.25285004;0.52629996;0.076387;-0.016729;-0.25580004;0.50374996;0.018633;0.006206
CCW;20;225;-135.00;-112.50;50;-0.24000000;0.52769992;0.027271;-0.027546;-0.24510000;0.50729996;0.069045;0.016558
CCW;21;45;-315.00;-180.00;50;-0.23804992;0.51384984;0.070457;0.016895;-0.24790008;0.51460000;0.026621;-0.027666
CCW;22;0;-360.00;-45.00;50;-0.24339992;0.50289990;0.078438;-0.004927;-0.25455000;0.50974968;0.015830;-0.006531
CCW;23;22.5;-337.50;22.50;50;-0.25380000;0.51439990;0.075906;0.007039;-0.24659996;0.51774984;0.019832;-0.017456
CCW;24;67.5;-292.50;45.00;50;-0.24759994;0.51354970;0.058923;0.023193;-0.25425008;0.50885000;0.036289;-0.033877
CCW;25;90;-270.00;22.50;50;-0.24464996;0.51349990;0.046606;0.025254;-0.24869996;0.51499980;0.047131;-0.036250
CCW;26;135;-225.00;45.00;50;-0.24284990;0.52445000;0.026948;0.016055;-0.26795000;0.52089990;0.070461;-0.026357
CCW;27;315;-45.00;-45.00;50;-0.25874996;0.51464984;0.069924;-0.026902;-0.24514994;0.50605008;0.026235;0.015774
CCW;28;247.5;-112.50;-67.50;50;-0.24490004;0.51944984;0.036509;-0.034084;-0.23799992;0.51839984;0.058599;0.022959
CCW;29;157.5;-202.50;-90.00;50;-0.24164990;0.52634996;0.019221;0.005681;-0.24679994;0.51539980;0.075933;-0.017012
CCW;30;292.5;-67.50;135.00;50;-0.24339996;0.52164996;0.059226;-0.033345;-0.25150004;0.51954996;0.035422;0.022439
CCW;31;112.5;-247.50;-180.00;50;-0.24029992;0.51769984;0.035483;0.022905;-0.24840000;0.52794990;0.059507;-0.033457
CCW;32;270;-90.00;157.50;50;-0.23989998;0.51984984;0.048374;-0.035703;-0.23624990;0.50979996;0.048435;0.025259
CCW;33;225;-135.00;-45.00;50;-0.25904996;0.51794992;0.029106;-0.027678;-0.22690002;0.49615004;0.068528;0.016787
CCW;34;157.5;-202.50;-67.50;50;-0.24034996;0.52715000;0.019287;0.006233;-0.24530000;0.52144984;0.075239;-0.016465
CCW;35;270;-90.00;112.50;50;-0.24695006;0.51289976;0.047927;-0.036709;-0.25269996;0.51149990;0.049211;0.024353
CCW;36;315;-45.00;45.00;50;-0.24574996;0.49475004;0.069375;-0.026626;-0.24699990;0.52330008;0.025176;0.016548
CCW;37;0;0.00;45.00;50;-0.24474994;0.50474990;0.076929;-0.005100;-0.24910002;0.51554984;0.016707;-0.006138
CCW;38;292.5;-67.50;-67.50;50;-0.24119996;0.51274984;0.059763;-0.033335;-0.24154990;0.51734970;0.035334;0.022966
CCW;39;22.5;22.50;90.00;50;-0.25270004;0.51304990;0.075232;0.006711;-0.25335004;0.51084990;0.019355;-0.017649
CCW;40;67.5;67.50;45.00;50;-0.24460010;0.50599984;0.058335;0.023164;-0.23989992;0.51144990;0.035994;-0.033630
CCW;41;90;90.00;22.50;50;-0.24064996;0.49894996;0.045742;0.025300;-0.24044990;0.51420000;0.047612;-0.035342
CCW;42;45;45.00;-45.00;50;-0.26170004;0.50404996;0.070928;0.017205;-0.23929990;0.52694992;0.022600;-0.027158
CCW;43;337.5;-22.50;-67.50;50;-0.24409998;0.50555000;0.076272;-0.017090;-0.24354998;0.51524996;0.018259;0.005879
CCW;44;202.5;-157.50;-135.00;50;-0.24414990;0.52539990;0.019683;-0.017573;-0.25165000;0.50774990;0.075159;0.006504
CCW;45;135;-225.00;-67.50;50;-0.24944998;0.51974992;0.025115;0.016094;-0.24925002;0.51045000;0.068630;-0.026750
CCW;46;180;-180.00;45.00;50;-0.23109994;0.51029984;0.013650;-0.005283;-0.25630010;0.50630004;0.077388;-0.005200
CCW;47;247.5;-112.50;67.50;50;-0.25660000;0.52004980;0.036543;-0.033774;-0.24825010;0.48869992;0.058398;0.023086
CCW;48;112.5;-247.50;-135.00;50;-0.24424996;0.51005000;0.035984;0.023081;-0.25140002;0.51934990;0.059358;-0.033440
CCW;49;0;-360.00;-112.50;50;-0.24525004;0.50589980;0.080710;-0.004565;-0.25135002;0.50944980;0.016091;-0.006348
CCW;50;202.5;-157.50;-157.50;50;-0.24880000;0.51754990;0.019185;-0.017942;-0.24980000;0.51535010;0.075374;0.006731
CCW;51;315;-45.00;112.50;50;-0.24950002;0.51719990;0.063772;-0.027449;-0.23329986;0.50954984;0.020833;0.016838
CCW;52;157.5;-202.50;-157.50;50;-0.25360004;0.51284990;0.019463;0.006206;-0.23584994;0.49830004;0.076028;-0.016184
CCW;53;67.5;-292.50;-90.00;50;-0.24870010;0.51554970;0.058958;0.023521;-0.26479998;0.50869980;0.036196;-0.034150
CCW;54;225;-135.00;157.50;50;-0.25080004;0.51349984;0.026758;-0.027668;-0.24634988;0.50104980;0.067749;0.016702
CCW;55;90;-270.00;-135.00;50;-0.23859996;0.50789992;0.046350;0.025925;-0.24494994;0.51700000;0.048889;-0.035796
CCW;56;292.5;-67.50;-67.50;50;-0.25174996;0.51109976;0.059783;-0.033459;-0.25000004;0.50519996;0.034524;0.022390
CCW;57;247.5;-112.50;-45.00;50;-0.25585008;0.51074976;0.035859;-0.034106;-0.25290000;0.50619990;0.057837;0.023362
CCW;58;180;-180.00;-67.50;50;-0.24214990;0.49885000;0.016113;-0.005681;-0.24559992;0.51654990;0.074490;-0.004744
CCW;59;22.5;-337.50;-157.50;50;-0.23759994;0.49950000;0.075879;0.007014;-0.23264998;0.50284992;0.019375;-0.017683
CCW;60;45;-315.00;22.50;50;-0.24284992;0.50339990;0.069319;0.017229;-0.25765002;0.49920004;0.024727;-0.027588
CCW;61;337.5;-382.50;-67.50;50;-0.24835006;0.51214980;0.076438;-0.016287;-0.25214994;0.50914990;0.018726;0.005496
CCW;62;270;-90.00;-90.00;50;-0.25540000;0.50934990;0.046816;-0.036663;-0.24220002;0.51344984;0.045120;0.025325
CCW;63;135;-225.00;-135.00;50;-0.24489994;0.51350000;0.025813;0.015977;-0.24765008;0.51024984;0.064785;-0.027288
CCW;64;112.5;-247.50;-22.50;50;-0.24319994;0.51269990;0.035708;0.022351;-0.25040004;0.51344984;0.059368;-0.033333
CCW;65;315;-45.00;-45.00;50;-0.25415000;0.51069984;0.069216;-0.026995;-0.23749998;0.50419990;0.023835;0.015774
CCW;66;90;90.00;135.00;50;-0.25035004;0.50599990;0.042410;0.025244;-0.23319994;0.51209984;0.045564;-0.036414
CCW;67;292.5;-67.50;-157.50;50;-0.24594996;0.51559984;0.059619;-0.033274;-0.24540002;0.50324990;0.036255;0.022673
CCW;68;0;0.00;67.50;50;-0.24404996;0.49424992;0.075225;-0.005330;-0.24585004;0.51744976;0.013472;-0.005408
CCW;69;22.5;22.50;22.50;50;-0.24645000;0.51914984;0.075425;0.007092;-0.25085004;0.52054990;0.019150;-0.017546
CCW;70;45;45.00;22.50;50;-0.25430004;0.50439990;0.068464;0.016736;-0.24645000;0.50919984;0.025510;-0.027087
CCW;71;337.5;-22.50;-67.50;50;-0.25050000;0.50889984;0.076248;-0.016711;-0.25650008;0.50075008;0.018611;0.006052
CCW;72;202.5;-157.50;-135.00;50;-0.24730000;0.51524970;0.019602;-0.017708;-0.24299988;0.50540000;0.075398;0.007263
CCW;73;180;-180.00;-22.50;50;-0.24790010;0.50759980;0.017729;-0.006326;-0.25525016;0.49900000;0.078547;-0.004822
CCW;74;112.5;-247.50;-67.50;50;-0.24084990;0.51325000;0.036025;0.022957;-0.25215004;0.50639988;0.059136;-0.033313
CCW;75;225;-135.00;112.50;50;-0.25680010;0.49809990;0.027637;-0.027488;-0.23155000;0.49845000;0.067449;0.016501
CCW;76;157.5;-202.50;-67.50;50;-0.24779996;0.50939990;0.019382;0.006238;-0.24925002;0.50499992;0.075793;-0.016770
CCW;77;270;-90.00;112.50;50;-0.25525020;0.50474990;0.046990;-0.035854;-0.24479986;0.48920010;0.046902;0.024614
CCW;78;67.5;67.50;157.50;50;-0.23879992;0.51174960;0.058391;0.023264;-0.25725004;0.51169990;0.036394;-0.033438
CCW;79;135;135.00;67.50;50;-0.25430012;0.49209990;0.022842;0.015703;-0.23679990;0.51509976;0.068718;-0.026311
CCW;80;247.5;247.50;112.50;50;-0.25885004;0.51319976;0.036069;-0.033772;-0.24675000;0.50534992;0.058718;0.023411
CCW;81;337.5;337.50;90.00;50;-0.24749996;0.52475000;0.075361;-0.016621;-0.25265004;0.51454980;0.018687;0.005615
CCW;82;157.5;157.50;-180.00;50;-0.24139994;0.52014990;0.018828;0.005911;-0.24970002;0.51314970;0.074661;-0.016785
CCW;83;202.5;202.50;45.00;50;-0.24319990;0.52414996;0.018882;-0.017297;-0.25085002;0.51315004;0.074077;0.006868
CCW;84;247.5;247.50;45.00;50;-0.24259996;0.51144990;0.036221;-0.033892;-0.24484990;0.51019980;0.057825;0.023076
CCW;85;225;225.00;-22.50;50;-0.25435008;0.51104984;0.025864;-0.027480;-0.25375010;0.51894980;0.066042;0.016580
CCW;86;135;135.00;-90.00;50;-0.24980000;0.52645000;0.024353;0.015818;-0.24795008;0.50994980;0.067703;-0.027317
CCW;87;112.5;112.50;-22.50;50;-0.25320002;0.50934990;0.034834;0.022710;-0.25425000;0.51809990;0.059319;-0.033142
CCW;88;67.5;67.50;-45.00;50;-0.24699996;0.52045000;0.058496;0.023420;-0.24904996;0.52734992;0.035791;-0.033850
CCW;89;90;90.00;22.50;50;-0.24709996;0.52154990;0.047363;0.025518;-0.25125006;0.51574976;0.049143;-0.036094
CCW;90;180;180.00;90.00;50;-0.25005000;0.52320004;0.017019;-0.006108;-0.25700006;0.52489990;0.075703;-0.004521
CCW;91;270;270.00;90.00;50;-0.26305008;0.52185000;0.047178;-0.036001;-0.25149992;0.51704996;0.046018;0.025696
CCW;92;292.5;292.50;22.50;50;-0.25460014;0.52489990;0.059583;-0.033394;-0.25800002;0.52324984;0.035122;0.023191
CCW;93;315;315.00;22.50;50;-0.26080000;0.53745016;0.067678;-0.027061;-0.24594996;0.53125008;0.025603;0.016440
CCW;94;22.5;382.50;67.50;50;-0.25815000;0.53110010;0.074751;0.007078;-0.24970000;0.54095030;0.019788;-0.016895
CCW;95;45;45.00;45.00;50;-0.24710008;0.53110004;0.069229;0.016799;-0.26180002;0.53395004;0.023281;-0.027146
CCW;96;0;0.00;-45.00;50;-0.25580000;0.54760016;0.079331;-0.004509;-0.25085002;0.53240016;0.015652;-0.005828
CCW;97;180;-180.00;-180.00;50;-0.26654994;0.53380024;0.017693;-0.005823;-0.25314996;0.53385020;0.075820;-0.004739
CCW;98;315;-45.00;135.00;50;-0.25975000;0.53215004;0.068025;-0.026704;-0.25930004;0.53860016;0.026980;0.016597
CCW;99;135;-225.00;-180.00;50;-0.25605008;0.54965016;0.027280;0.016284;-0.24554998;0.53005010;0.070159;-0.026321
CCW;100;270;-90.00;135.00;50;-0.24405004;0.54855000;0.046233;-0.035642;-0.25265002;0.53235000;0.043896;0.025798
CCW;101;0;0.00;90.00;50;-0.26065004;0.54360040;0.075156;-0.004609;-0.25420008;0.54045020;0.017129;-0.005535
CCW;102;247.5;-112.50;-112.50;50;-0.25355004;0.55525004;0.037656;-0.033501;-0.25445008;0.55180000;0.058765;0.023345
CCW;103;112.5;-247.50;-135.00;50;-0.25645006;0.54850008;0.036562;0.023577;-0.27155004;0.54655020;0.060505;-0.032837
CCW;104;202.5;-157.50;90.00;50;-0.26190000;0.55119984;0.020229;-0.017146;-0.25825000;0.52860000;0.075703;0.007556
CCW;105;90;-270.00;-112.50;50;-0.25430006;0.53795016;0.048372;0.025503;-0.25970006;0.55050020;0.050554;-0.035063
CCW;106;225;-135.00;135.00;50;-0.26189998;0.53575004;0.028821;-0.027224;-0.25945000;0.54105020;0.065090;0.017214
CCW;107;22.5;22.50;157.50;50;-0.26150006;0.54395024;0.075693;0.007427;-0.26310004;0.54140016;0.019954;-0.017410
CCW;108;337.5;-22.50;-45.00;50;-0.25605010;0.53955024;0.076587;-0.015994;-0.25110004;0.55845000;0.019470;0.005989
CCW;109;45;45.00;67.50;50;-0.26080004;0.54640010;0.069155;0.017292;-0.24775002;0.54675024;0.026079;-0.026909
CCW;110;67.5;67.50;22.50;50;-0.26655000;0.53655032;0.059624;0.023599;-0.26370000;0.55019990;0.036328;-0.032898
CCW;111;157.5;157.50;90.00;50;-0.26340002;0.53845030;0.019048;0.006182;-0.25945000;0.53810008;0.075923;-0.016135
CCW;112;292.5;292.50;135.00;50;-0.26400004;0.54220024;0.059861;-0.033242;-0.25999992;0.54045016;0.036001;0.023357
CCW;113;315;315.00;22.50;50;-0.26819998;0.55305010;0.071555;-0.026226;-0.26204994;0.55109990;0.024980;0.016829
CCW;114;135;135.00;-180.00;50;-0.27054996;0.55590000;0.027581;0.016707;-0.25529996;0.54390020;0.073467;-0.025713
CCW;115;202.5;202.50;67.50;50;-0.26230000;0.55050010;0.019446;-0.016785;-0.27079996;0.54925010;0.074971;0.007410
CCW;116;0;360.00;157.50;50;-0.26884994;0.56395020;0.074944;-0.004160;-0.25085000;0.54674992;0.017017;-0.005371
CCW;117;180;180.00;-180.00;50;-0.25755012;0.55539990;0.017258;-0.005425;-0.26789990;0.54880000;0.077561;-0.003982
CCW;118;292.5;292.50;112.50;50;-0.27309996;0.55529992;0.060049;-0.033079;-0.26430000;0.55780010;0.035835;0.023240
CCW;119;90;90.00;90.00;50;-0.25515010;0.54605016;0.043770;0.025503;-0.25835000;0.55685016;0.049104;-0.035276
CCW;120;225;225.00;135.00;50;-0.26680002;0.55545010;0.026035;-0.026643;-0.25615016;0.55745010;0.067742;0.017742
CCW;121;67.5;67.50;-157.50;50;-0.26800000;0.56265010;0.059482;0.024048;-0.27084996;0.56000008;0.036870;-0.033604
CCW;122;22.5;22.50;-45.00;50;-0.27005002;0.55349992;0.076145;0.007573;-0.26545004;0.55860008;0.019631;-0.017424
CCW;123;157.5;157.50;135.00;50;-0.25365008;0.54790016;0.019556;0.006150;-0.26759994;0.55710010;0.075847;-0.016006
CCW;124;112.5;112.50;-45.00;50;-0.26604998;0.56235020;0.035789;0.023135;-0.26560000;0.55950000;0.059956;-0.032620
CCW;125;270;270.00;157.50;50;-0.26424998;0.57030000;0.046853;-0.035981;-0.25915006;0.55865010;0.048352;0.025823
CCW;126;45;45.00;45.00;50;-0.26010008;0.56435008;0.071257;0.017585;-0.26714996;0.56240010;0.026228;-0.026882
CCW;127;337.5;-22.50;-67.50;50;-0.26515000;0.56234990;0.076963;-0.015579;-0.25035000;0.55065008;0.019158;0.006460
CCW;128;247.5;-112.50;-90.00;50;-0.27169994;0.56135010;0.038015;-0.033591;-0.26210008;0.56369996;0.059495;0.023391
CCW;129;157.5;-202.50;-90.00;50;-0.26274996;0.55120004;0.021060;0.006619;-0.26634996;0.56465008;0.075537;-0.016260
CCW;130;67.5;-292.50;-90.00;50;-0.27169996;0.56574992;0.060320;0.023479;-0.27125000;0.55729984;0.036956;-0.033337
CCW;131;292.5;-67.50;-67.50;50;-0.26599994;0.55515010;0.060784;-0.032761;-0.26180004;0.56455020;0.035251;0.022822
CCW;132;112.5;-247.50;-180.00;50;-0.26295004;0.55205024;0.037246;0.023750;-0.26474996;0.55770004;0.061067;-0.033228
CCW;133;225;-135.00;112.50;50;-0.26205000;0.56069992;0.029697;-0.026555;-0.26575004;0.56700016;0.070090;0.017104
CCW;134;90;-270.00;-135.00;50;-0.26340004;0.55939996;0.049214;0.025828;-0.27065004;0.57760008;0.048184;-0.035576
CCW;135;315;-45.00;-45.00;50;-0.26375000;0.56460008;0.068574;-0.026294;-0.25424996;0.57050000;0.024539;0.016731
CCW;136;270;-90.00;-45.00;50;-0.25370002;0.56114996;0.051841;-0.035347;-0.26160004;0.57439990;0.048682;0.025691
CCW;137;180;-180.00;-90.00;50;-0.27479994;0.57275010;0.018250;-0.004817;-0.26650006;0.55805004;0.077747;-0.004216
CCW;138;337.5;-22.50;157.50;50;-0.26314992;0.57420016;0.076941;-0.015911;-0.26190010;0.57780020;0.019326;0.006145
CCW;139;45;45.00;67.50;50;-0.26744998;0.56185000;0.067954;0.017295;-0.26345010;0.56870020;0.025999;-0.026992
CCW;140;22.5;22.50;-22.50;50;-0.26380000;0.56855020;0.076475;0.007461;-0.27790000;0.57335016;0.020317;-0.017153
CCW;141;247.5;-112.50;-135.00;50;-0.27074996;0.55885010;0.038320;-0.033140;-0.27065004;0.56180008;0.058782;0.023928
CCW;142;0;0.00;112.50;50;-0.27570000;0.55905024;0.079861;-0.003784;-0.27084996;0.56779984;0.018345;-0.005347
CCW;143;135;135.00;135.00;50;-0.25860004;0.56729996;0.025667;0.016843;-0.26855000;0.57455030;0.068372;-0.026487
CCW;144;202.5;202.50;67.50;50;-0.27030000;0.57640000;0.019888;-0.017065;-0.26505004;0.55904996;0.075737;0.007209
CCW;145;45;45.00;-157.50;50;-0.27885002;0.56330016;0.068618;0.017861;-0.26819996;0.57140016;0.028770;-0.027280
CCW;146;247.5;-112.50;-157.50;50;-0.26320000;0.56904996;0.037935;-0.033235;-0.27784996;0.55285000;0.059253;0.023948
CCW;147;337.5;-22.50;90.00;50;-0.26475006;0.56620000;0.076682;-0.015955;-0.26085008;0.56655000;0.019385;0.005815
CCW;148;90;90.00;112.50;50;-0.27395004;0.55829996;0.046243;0.026108;-0.26594996;0.57975010;0.048691;-0.035854
CCW;149;202.5;202.50;112.50;50;-0.26855000;0.56680020;0.020088;-0.017251;-0.25835004;0.56375000;0.074629;0.007302
CCW;150;315;315.00;112.50;50;-0.27034992;0.56275004;0.068621;-0.026982;-0.25110000;0.57125016;0.025886;0.016277
CCW;151;270;270.00;-45.00;50;-0.27239996;0.56515000;0.047346;-0.035911;-0.26874998;0.55090020;0.045642;0.025820
CCW;152;157.5;157.50;-112.50;50;-0.27344992;0.57260000;0.018967;0.006323;-0.26590000;0.57365008;0.076421;-0.016421
CCW;153;225;225.00;67.50;50;-0.26560000;0.58395000;0.025986;-0.027292;-0.27449998;0.56555010;0.064241;0.016704
CCW;154;292.5;292.50;67.50;50;-0.26620004;0.57324990;0.059956;-0.033357;-0.26385004;0.56194996;0.035986;0.023057
CCW;155;22.5;382.50;90.00;50;-0.26850004;0.56330020;0.074915;0.006704;-0.26909990;0.58085000;0.020261;-0.017019
CCW;156;112.5;112.50;112.50;50;-0.26509994;0.57035010;0.035796;0.023677;-0.26900008;0.56569992;0.060234;-0.032883
CCW;157;67.5;67.50;-45.00;50;-0.27689992;0.57550000;0.060322;0.024075;-0.27920000;0.56555010;0.036987;-0.033152
CCW;158;0;0.00;-67.50;50;-0.27104998;0.58694992;0.078516;-0.003708;-0.26924996;0.56760010;0.018330;-0.005574
CCW;159;180;-180.00;-180.00;50;-0.27574992;0.57770016;0.017659;-0.004734;-0.26960000;0.57455016;0.079326;-0.003601
CCW;160;135;-225.00;-45.00;50;-0.27580002;0.56689996;0.027842;0.016401;-0.27204992;0.55525004;0.071055;-0.025857
CCW;161;202.5;-157.50;67.50;50;-0.26920004;0.57550010;0.020510;-0.016960;-0.27399996;0.57480000;0.076577;0.007480
CCW;162;247.5;-112.50;45.00;50;-0.27624998;0.57440020;0.037588;-0.033660;-0.27880000;0.56760010;0.059126;0.023914
CCW;163;112.5;-247.50;-135.00;50;-0.26514998;0.56740016;0.037244;0.023191;-0.27844996;0.57440010;0.060969;-0.033071
CCW;164;270;-90.00;157.50;50;-0.27279994;0.56800000;0.049939;-0.035396;-0.26685002;0.57010000;0.047773;0.025386
CCW;165;337.5;-22.50;67.50;50;-0.26865004;0.56825010;0.076858;-0.015969;-0.26894996;0.56695016;0.019243;0.006650
CCW;166;22.5;22.50;45.00;50;-0.27155004;0.55779992;0.076370;0.007952;-0.26985004;0.57560016;0.020066;-0.016934
CCW;167;157.5;157.50;135.00;50;-0.26600004;0.56275016;0.019395;0.006611;-0.26619992;0.56675004;0.076113;-0.015750
CCW;168;292.5;292.50;135.00;50;-0.27330002;0.57635010;0.059734;-0.033071;-0.27499996;0.56370010;0.035337;0.023704
CCW;169;180;180.00;-112.50;50;-0.26495004;0.57310024;0.016121;-0.004919;-0.27360000;0.57205004;0.077932;-0.004163
CCW;170;90;90.00;-90.00;50;-0.26830006;0.55985010;0.049116;0.025950;-0.27504998;0.57135004;0.050632;-0.035083
CCW;171;315;-45.00;-135.00;50;-0.26984992;0.56979990;0.070217;-0.025747;-0.26190008;0.57240016;0.025728;0.017400
CCW;172;135;-225.00;-180.00;50;-0.26299998;0.57375020;0.028916;0.016956;-0.26275000;0.57835008;0.067871;-0.025679
CCW;173;45;-315.00;-90.00;50;-0.26140000;0.56294996;0.074050;0.017632;-0.27719992;0.57405008;0.028843;-0.026785
CCW;174;225;-135.00;-135.00;50;-0.27319992;0.56900008;0.027878;-0.026958;-0.26765004;0.55894990;0.070471;0.017229
CCW;175;67.5;-292.50;-157.50;50;-0.26715004;0.56385004;0.060334;0.023865;-0.27425006;0.57855010;0.037361;-0.033213
CCW;176;0;-360.00;-67.50;50;-0.27280000;0.57369990;0.079883;-0.004255;-0.27729990;0.57839990;0.018269;-0.005459
CCW;177;180;-180.00;-180.00;50;-0.27085004;0.57655000;0.016521;-0.005620;-0.27749996;0.55150024;0.078972;-0.004531
CCW;178;225;-135.00;45.00;50;-0.26785000;0.57985024;0.027102;-0.026985;-0.25825000;0.56415010;0.068489;0.017212
CCW;179;202.5;-157.50;-22.50;50;-0.27125000;0.57335016;0.020850;-0.017288;-0.27704992;0.56070020;0.075149;0.007200
CCW;180;270;-90.00;67.50;50;-0.25259996;0.56725016;0.047524;-0.035564;-0.26819996;0.56115000;0.045994;0.025728
CCW;181;45;45.00;135.00;50;-0.26499992;0.57130016;0.070142;0.017571;-0.26954994;0.56630016;0.025081;-0.027234
CCW;182;337.5;-22.50;-67.50;50;-0.26900002;0.56660010;0.077144;-0.015659;-0.26314998;0.56445010;0.019468;0.006545
CCW;183;315;-45.00;-22.50;50;-0.27594996;0.55845010;0.071958;-0.026250;-0.26600004;0.56039984;0.027312;0.016252
CCW;184;112.5;112.50;157.50;50;-0.26950014;0.56649992;0.035559;0.023267;-0.26790002;0.57340016;0.060483;-0.032961
CCW;185;135;135.00;22.50;50;-0.27534992;0.56780004;0.026714;0.016863;-0.27774996;0.57885010;0.068755;-0.026196
CCW;186;247.5;247.50;112.50;50;-0.26445004;0.58090000;0.036406;-0.033562;-0.26630008;0.55915010;0.059180;0.024053
CCW;187;22.5;382.50;135.00;50;-0.26809996;0.57705004;0.075283;0.007493;-0.26840000;0.57675000;0.020381;-0.017185
CCW;188;292.5;292.50;-90.00;50;-0.26494998;0.55779980;0.060400;-0.033169;-0.26470008;0.56045010;0.036382;0.023472
CCW;189;90;90.00;90.00;50;-0.25510000;0.56830008;0.046216;0.026042;-0.26085004;0.57110000;0.047852;-0.035457
CCW;190;0;0.00;-90.00;50;-0.26659990;0.55900024;0.080334;-0.004045;-0.25895010;0.55855020;0.017515;-0.005886
CCW;191;67.5;67.50;67.50;50;-0.26365006;0.55765000;0.059539;0.023823;-0.26615006;0.57180030;0.037397;-0.033403
CCW;192;157.5;157.50;90.00;50;-0.26419994;0.56624990;0.019678;0.006392;-0.27265000;0.57925004;0.075332;-0.015867
CCW;193;337.5;-22.50;-180.00;50;-0.26485002;0.56110010;0.077014;-0.016086;-0.26505002;0.56630004;0.019551;0.006428
CCW;194;270;-90.00;-67.50;50;-0.27664996;0.56710020;0.049338;-0.035393;-0.26820004;0.56465008;0.047283;0.025691
CCW;195;90;-270.00;-180.00;50;-0.25164998;0.55889992;0.048992;0.025715;-0.27344992;0.56095010;0.048623;-0.035300
CCW;196;315;-45.00;-45.00;50;-0.27565000;0.57530000;0.070552;-0.025662;-0.26590000;0.55980016;0.025918;0.015754
CCW;197;112.5;112.50;157.50;50;-0.26795000;0.57030016;0.035706;0.023818;-0.26860002;0.56850004;0.060447;-0.032742
CCW;198;202.5;202.50;90.00;50;-0.25504996;0.56845004;0.019849;-0.017434;-0.27895004;0.55869996;0.074785;0.007219
CCW;199;247.5;247.50;45.00;50;-0.26440010;0.56159996;0.037183;-0.033174;-0.26405012;0.55969996;0.058145;0.023967
CCW;200;45;45.00;45.00;50;-0.27734998;0.55904996;0.069377;0.017524;-0.27249996;0.55965000;0.026362;-0.027046
CCW;201;157.5;157.50;112.50;50;-0.25515008;0.56125004;0.019036;0.006360;-0.27889990;0.56500024;0.076138;-0.016055
CCW;202;135;135.00;-22.50;50;-0.25955006;0.56760010;0.025662;0.016992;-0.26815000;0.56935010;0.069119;-0.026255
