smer;cyklus;cilovy_azimut;skutecne_natoceni;jump_deg;trim;xA;yA;tA;axA;ayA;xC;yC;tC;axC;ayC
CW;1;90;90.00;90.00;50;-0.41595010;0.57015000;26.31;0.060879;-0.014575;-0.40825024;0.54769990;26.44;0.033623;0.004905
CW;2;202.5;202.50;112.50;50;-0.36995004;0.52700000;26.53;0.031638;-0.014548;-0.37440004;0.51424976;26.47;0.059983;0.005247
CCW;3;90;90.00;-112.50;50;-0.36249996;0.50219992;26.54;0.062776;-0.014331;-0.35359992;0.48284984;26.51;0.029233;0.004841
CW;4;135;135.00;45.00;50;-0.32465010;0.48479996;26.59;0.050403;-0.021882;-0.33420002;0.46594992;26.54;0.042332;0.012388
CW;5;225;225.00;90.00;50;-0.33594992;0.46690004;26.56;0.029595;-0.008030;-0.33185002;0.46200004;26.60;0.061951;-0.001040
CW;6;337.5;337.50;112.50;50;-0.31760000;0.46300004;26.60;0.049011;0.012844;-0.32445014;0.46380000;26.60;0.043203;-0.021716
CW;7;0;360.00;22.50;50;-0.32110010;0.47084990;26.60;0.056833;0.009810;-0.30654996;0.45435000;26.60;0.039529;-0.019353
CCW;8;180;180.00;-180.00;50;-0.32155008;0.44895000;26.60;0.040925;-0.019246;-0.32470010;0.45870004;26.60;0.054983;0.009946
CW;9;202.5;202.50;22.50;50;-0.29620000;0.44979992;26.60;0.030627;-0.013831;-0.30910000;0.45665000;26.60;0.059961;0.005125
CCW;10;90;90.00;-112.50;50;-0.31884998;0.46214990;26.60;0.060767;-0.014226;-0.30670000;0.45890000;26.60;0.030779;0.004746
CCW;11;67.5;67.50;-22.50;50;-0.31125004;0.47294984;26.60;0.062417;-0.007876;-0.30714998;0.45699992;26.60;0.028079;-0.001323
CW;12;157.5;157.50;90.00;50;-0.30235000;0.45054996;26.61;0.042300;-0.021760;-0.29575002;0.46524988;26.60;0.048833;0.012124
CCW;13;90;90.00;-67.50;50;-0.30464996;0.45675004;26.62;0.060276;-0.014531;-0.30464998;0.44770008;26.60;0.032375;0.004553
CCW;14;292.5;-67.50;-157.50;50;-0.30740004;0.43950004;26.60;0.036084;0.009495;-0.30284992;0.46329992;26.60;0.055684;-0.019231
CW;15;0;0.00;67.50;50;-0.31119992;0.46689984;26.60;0.056970;0.009407;-0.29425010;0.45659996;26.60;0.037412;-0.019143
CCW;16;315;-45.00;-45.00;50;-0.30105004;0.45819996;26.60;0.043591;0.011697;-0.30250000;0.46274988;26.58;0.047761;-0.021909
CCW;17;292.5;-67.50;-22.50;50;-0.31190002;0.45964992;26.60;0.035767;0.009451;-0.31134996;0.47284984;26.60;0.055669;-0.019661
CW;18;45;45.00;112.50;50;-0.30900000;0.45815004;26.60;0.063645;-0.001689;-0.30380002;0.46684984;26.60;0.028630;-0.008264
CCW;19;292.5;-67.50;-112.50;50;-0.30420004;0.46284992;26.62;0.035750;0.009297;-0.30544996;0.46229988;26.60;0.054968;-0.019539
CCW;20;247.5;-112.50;-45.00;50;-0.30570000;0.46220004;26.61;0.028245;-0.001560;-0.29650006;0.47024984;26.60;0.063635;-0.008584
CW;21;22.5;22.50;135.00;50;-0.30585000;0.47584980;26.60;0.059937;0.004902;-0.30035008;0.45085010;26.71;0.031213;-0.014651
CW;22;90;90.00;67.50;50;-0.30179996;0.46929980;26.63;0.061562;-0.014377;-0.30440000;0.45920000;26.68;0.030613;0.005720
CW;23;202.5;202.50;112.50;50;-0.29430010;0.47970008;26.66;0.031821;-0.014016;-0.30774992;0.47564984;26.60;0.059875;0.004875
CCW;24;22.5;22.50;-180.00;50;-0.31074998;0.46775000;26.60;0.059512;0.005181;-0.29475004;0.46894990;26.60;0.030771;-0.014429
CW;25;90;90.00;67.50;50;-0.29780004;0.48129992;26.60;0.061382;-0.014199;-0.29900000;0.46310000;26.60;0.031868;0.005063
CCW;26;292.5;-67.50;-157.50;50;-0.29520004;0.46510000;26.70;0.035974;0.009961;-0.29915004;0.46580016;26.67;0.055330;-0.019084
CW;27;315;-45.00;22.50;50;-0.30225000;0.46465004;26.65;0.041318;0.011987;-0.29465010;0.47065008;26.66;0.049014;-0.021616
CCW;28;135;-225.00;-180.00;50;-0.29700004;0.46394990;26.61;0.049270;-0.021995;-0.30395000;0.46430004;26.67;0.039678;0.012424
CW;29;270;-90.00;135.00;50;-0.29940004;0.46359992;26.61;0.031401;0.004902;-0.30410000;0.48599996;26.65;0.062766;-0.014070
CCW;30;180;-180.00;-90.00;50;-0.29810008;0.45735012;26.60;0.034241;-0.019268;-0.30145010;0.46909984;26.68;0.053816;0.009526
CW;31;292.5;-67.50;112.50;50;-0.29965010;0.45464992;26.70;0.036467;0.009993;-0.30524990;0.46734984;26.65;0.056372;-0.019224
CW;32;337.5;-22.50;45.00;50;-0.31685004;0.46704984;26.66;0.049419;0.011951;-0.30979996;0.46875010;26.72;0.042542;-0.021638
CCW;33;157.5;-202.50;-180.00;50;-0.30555008;0.46624996;26.68;0.041731;-0.022031;-0.30210000;0.46304980;26.67;0.048457;0.011897
CW;34;157.5;-202.50;0.00;50;-0.30340008;0.46639990;26.74;0.041912;-0.021826;-0.30580004;0.46095016;26.68;0.048994;0.012104
CW;35;180;-180.00;22.50;50;-0.30480006;0.46280012;26.65;0.036001;-0.018970;-0.31890002;0.46735004;26.70;0.055657;0.009446
CCW;36;157.5;-202.50;-22.50;50;-0.30994996;0.46269980;26.73;0.041765;-0.021980;-0.31324998;0.47854996;26.72;0.048882;0.011704
CW;37;202.5;-157.50;45.00;50;-0.29215004;0.46654988;26.74;0.030830;-0.014651;-0.31239992;0.46144984;26.68;0.059543;0.004292
CCW;38;45;-315.00;-157.50;50;-0.31760000;0.46004990;26.72;0.061621;-0.002222;-0.30839992;0.46539992;26.72;0.028159;-0.008027
CW;39;157.5;-202.50;112.50;50;-0.30659996;0.46939990;26.72;0.041226;-0.021760;-0.29520004;0.47199984;26.74;0.049585;0.011438
CCW;40;67.5;-292.50;-90.00;50;-0.30985008;0.46784988;26.72;0.061980;-0.008630;-0.31735004;0.46175004;26.62;0.028308;-0.001746
CCW;41;292.5;-67.50;-67.50;50;-0.30385000;0.46049980;26.65;0.036421;0.009214;-0.30739992;0.46889988;26.67;0.055188;-0.019463
CCW;42;112.5;-247.50;-180.00;50;-0.30554998;0.46459990;26.71;0.054424;-0.019724;-0.31294996;0.46220000;26.69;0.036687;0.009109
CW;43;270;-90.00;157.50;50;-0.30625000;0.46274988;26.66;0.033406;0.004170;-0.30660000;0.47479980;26.72;0.062339;-0.014451
CCW;44;225;-135.00;-45.00;50;-0.30755000;0.47034988;26.66;0.029683;-0.008362;-0.31124996;0.46639984;26.69;0.065693;-0.001631
CCW;45;45;-315.00;-180.00;50;-0.30609998;0.45944990;26.72;0.062832;-0.001943;-0.30364996;0.46340004;26.76;0.029534;-0.008562
CCW;46;270;-90.00;-90.00;50;-0.30309996;0.45309996;26.71;0.034265;0.004392;-0.29010004;0.46345012;26.67;0.057346;-0.014487
CW;47;45;45.00;135.00;50;-0.30800004;0.46549996;26.64;0.061323;-0.001626;-0.30125008;0.46839980;26.69;0.033760;-0.007976
CW;48;45;45.00;0.00;50;-0.31820002;0.47024996;26.72;0.066804;-0.001428;-0.29920004;0.46234992;26.76;0.026201;-0.008008
CCW;49;247.5;-112.50;-157.50;50;-0.30734998;0.45590010;26.76;0.028333;-0.001318;-0.30470008;0.45595004;26.80;0.062097;-0.008606
CW;50;0;0.00;112.50;50;-0.30535000;0.46739996;26.77;0.053672;0.008860;-0.31429994;0.45619992;26.77;0.035620;-0.018779
CW;51;0;0.00;0.00;50;-0.29945000;0.45859992;26.80;0.055747;0.008716;-0.30500008;0.46829996;26.79;0.037053;-0.018767
CW;52;135;135.00;135.00;50;-0.32700002;0.46644990;26.78;0.049041;-0.021904;-0.32000000;0.45925000;26.76;0.040833;0.012002
CCW;53;0;0.00;-135.00;50;-0.31029992;0.46115000;26.80;0.054888;0.009026;-0.31010004;0.46800000;26.77;0.033718;-0.019043
CW;54;45;45.00;45.00;50;-0.31249990;0.46579992;26.80;0.063672;-0.002063;-0.29919996;0.46005008;26.80;0.029414;-0.007793
CCW;55;337.5;-22.50;-67.50;50;-0.31130000;0.46194992;26.75;0.048457;0.011802;-0.30175004;0.46909988;26.78;0.041865;-0.021890
CW;56;112.5;112.50;135.00;50;-0.31020000;0.46399992;26.80;0.054631;-0.019338;-0.30624996;0.44830020;26.74;0.036006;0.009690
CW;57;135;135.00;22.50;50;-0.30579992;0.46774990;26.72;0.048318;-0.022002;-0.32535008;0.46700000;26.76;0.042446;0.012278
CW;58;247.5;247.50;112.50;50;-0.31004992;0.45590008;26.75;0.027832;-0.001609;-0.30604990;0.47010000;26.78;0.062239;-0.008120
CCW;59;157.5;157.50;-90.00;50;-0.31199998;0.45504980;26.80;0.041577;-0.021541;-0.30855000;0.45995010;26.80;0.048115;0.012070
CCW;60;67.5;67.50;-90.00;50;-0.31629998;0.46539976;26.80;0.062109;-0.008342;-0.30160008;0.45455008;26.80;0.027683;-0.001650
CW;61;157.5;157.50;90.00;50;-0.30919992;0.47229988;26.80;0.042024;-0.021836;-0.30924996;0.45440008;26.80;0.048303;0.012512
CCW;62;67.5;67.50;-90.00;50;-0.30999994;0.46489984;26.80;0.061851;-0.008494;-0.30795008;0.45955000;26.80;0.027898;-0.001294
CW;63;225;225.00;157.50;50;-0.30755004;0.45270004;26.80;0.028198;-0.008093;-0.30679996;0.46399992;26.80;0.061934;-0.001599
CCW;64;67.5;67.50;-157.50;50;-0.30719998;0.46400000;26.80;0.061604;-0.008562;-0.30600004;0.45495004;26.80;0.027939;-0.001226
CW;65;90;90.00;22.50;50;-0.31695002;0.45475008;26.79;0.057285;-0.014666;-0.30715000;0.46514984;26.80;0.030168;0.004766
CW;66;180;180.00;90.00;50;-0.30490000;0.45575004;26.78;0.035637;-0.019097;-0.30894996;0.45040008;26.80;0.054058;0.009626
CCW;67;0;0.00;-180.00;50;-0.32375004;0.46379992;26.80;0.057422;0.008938;-0.29999998;0.45760004;26.80;0.036050;-0.019114
CW;68;45;45.00;45.00;50;-0.30984996;0.46079992;26.80;0.065122;-0.001826;-0.30959996;0.45229996;26.80;0.027893;-0.008218
CCW;69;315;-45.00;-90.00;50;-0.30315000;0.44754996;26.80;0.041448;0.011714;-0.30789992;0.45615008;26.79;0.047666;-0.022029
CCW;70;202.5;-157.50;-112.50;50;-0.30080004;0.45355004;26.75;0.030251;-0.014062;-0.31565000;0.46694996;26.80;0.059207;0.004612
CCW;71;157.5;-202.50;-45.00;50;-0.30639996;0.45010004;26.80;0.040864;-0.021694;-0.31095008;0.46415000;26.80;0.048374;0.012068
CCW;72;45;-315.00;-112.50;50;-0.30554996;0.45714980;26.80;0.060994;-0.002009;-0.30955002;0.44370000;26.80;0.029263;-0.007974
CW;73;180;-180.00;135.00;50;-0.31275004;0.44979996;26.77;0.035898;-0.019485;-0.30559988;0.45614990;26.79;0.055728;0.009482
CCW;74;67.5;-292.50;-112.50;50;-0.31174990;0.45490008;26.77;0.061506;-0.008604;-0.30934996;0.45844996;26.79;0.028088;-0.001294
CCW;75;0;-360.00;-67.50;50;-0.30615002;0.45010010;26.80;0.050503;0.009153;-0.29025004;0.45049996;26.78;0.035613;-0.019036
CW;76;0;-360.00;0.00;50;-0.30249996;0.45244990;26.80;0.054084;0.009155;-0.30519998;0.46040012;26.80;0.036494;-0.018818
CW;77;45;-315.00;45.00;50;-0.30254996;0.46099992;26.76;0.062053;-0.002034;-0.30444996;0.44655000;26.79;0.030510;-0.008459
CCW;78;247.5;-112.50;-112.50;50;-0.31099996;0.45915004;26.70;0.028608;-0.001440;-0.31504996;0.46525000;26.74;0.062344;-0.008369
CW;79;270;-90.00;22.50;50;-0.28570000;0.42999984;26.78;0.033748;0.004526;-0.30929998;0.46630000;26.72;0.061101;-0.014202
CW;80;67.5;67.50;157.50;50;-0.30859998;0.45785010;26.75;0.061770;-0.008213;-0.30765000;0.44849992;26.72;0.027842;-0.001643
CW;81;225;225.00;157.50;50;-0.31670000;0.45084990;26.73;0.027114;-0.008035;-0.30879998;0.45530016;26.70;0.061785;-0.001138
CW;82;337.5;337.50;112.50;50;-0.30835000;0.45825000;26.67;0.048816;0.011907;-0.30510002;0.45599992;26.71;0.042725;-0.021746
CW;83;337.5;337.50;0.00;50;-0.30864996;0.45050008;26.76;0.048535;0.012153;-0.31075004;0.45154984;26.67;0.043679;-0.021663
CW;84;112.5;112.50;112.50;50;-0.30554986;0.45424984;26.80;0.054329;-0.019382;-0.30390010;0.46155004;26.79;0.035537;0.009429
CW;85;180;180.00;67.50;50;-0.32070000;0.44510012;26.72;0.036936;-0.018975;-0.31785008;0.46079990;26.67;0.054438;0.009248
CW;86;292.5;292.50;112.50;50;-0.31429996;0.45419996;26.66;0.036399;0.009429;-0.31400004;0.46494990;26.65;0.055654;-0.019082
CW;87;315;315.00;22.50;50;-0.31409996;0.45115010;26.66;0.040579;0.012073;-0.31094998;0.47034984;26.65;0.052966;-0.021990
CW;88;22.5;382.50;67.50;50;-0.31239998;0.46815004;26.68;0.059180;0.004900;-0.30825004;0.45575020;26.66;0.031780;-0.014160
CW;89;90;90.00;90.00;50;-0.30490002;0.46919988;26.60;0.058838;-0.014531;-0.30914992;0.46290000;26.60;0.031582;0.004780
CCW;90;337.5;-22.50;-112.50;50;-0.31010002;0.45925004;26.68;0.048730;0.011895;-0.30924996;0.45824988;26.60;0.041799;-0.021697
CW;91;0;0.00;22.50;50;-0.31515000;0.46404992;26.65;0.055518;0.008813;-0.30760002;0.46189992;26.63;0.035610;-0.018994
CW;92;0;0.00;0.00;50;-0.32165012;0.46639990;26.64;0.056904;0.009324;-0.31910002;0.46514990;26.66;0.042688;-0.019272
CW;93;90;90.00;90.00;50;-0.31195000;0.47264988;26.61;0.060305;-0.014390;-0.30770000;0.47219984;26.63;0.031189;0.004702
CCW;94;0;0.00;-90.00;50;-0.31300000;0.45710004;26.63;0.057207;0.009202;-0.32285010;0.46209990;26.61;0.033433;-0.019238
CCW;95;292.5;-67.50;-67.50;50;-0.31870002;0.46240000;26.63;0.035437;0.009482;-0.30675006;0.46579992;26.65;0.054895;-0.018994
CW;96;0;0.00;67.50;50;-0.32275010;0.46250000;26.64;0.055500;0.009192;-0.31055004;0.45910008;26.65;0.038054;-0.018826
CW;97;90;90.00;90.00;50;-0.31120008;0.46729990;26.67;0.061277;-0.014272;-0.31530000;0.47100000;26.60;0.031677;0.004802
CCW;98;0;0.00;-90.00;50;-0.31770000;0.46614976;26.67;0.053137;0.009541;-0.31194996;0.47464992;26.67;0.035400;-0.019297
CW;99;45;45.00;45.00;50;-0.30890006;0.46354996;26.64;0.061887;-0.002200;-0.31309986;0.45975000;26.65;0.029443;-0.007925
CCW;100;337.5;-22.50;-67.50;50;-0.30664992;0.46609990;26.60;0.048091;0.011943;-0.30359996;0.46554992;26.60;0.041360;-0.021436
CW;101;112.5;112.50;135.00;50;-0.31444996;0.46589976;26.60;0.054580;-0.019546;-0.31769996;0.46355000;26.63;0.035232;0.009604
CCW;102;22.5;22.50;-90.00;50;-0.30875006;0.45669996;26.62;0.058950;0.004414;-0.31300008;0.45744992;26.62;0.030564;-0.014294
CW;103;135;135.00;112.50;50;-0.31550000;0.45790000;26.67;0.048728;-0.021794;-0.31795008;0.46080000;26.63;0.042358;0.011843
CCW;104;0;0.00;-135.00;50;-0.31740000;0.47449980;26.65;0.053066;0.009282;-0.31665006;0.47129976;26.66;0.034929;-0.019199
CCW;105;225;-135.00;-135.00;50;-0.30334994;0.46549996;26.62;0.027068;-0.008708;-0.30244996;0.45980000;26.67;0.063293;-0.001863
CCW;106;202.5;-157.50;-22.50;50;-0.30619994;0.46234990;26.63;0.030681;-0.014700;-0.31759996;0.46325004;26.68;0.060183;0.004092
CCW;107;180;-180.00;-22.50;50;-0.30990002;0.45360000;26.68;0.035076;-0.019631;-0.31655000;0.45004990;26.61;0.055500;0.009236
CW;108;270;-90.00;90.00;50;-0.31995000;0.46575000;26.61;0.030332;0.004683;-0.30629998;0.46180000;26.62;0.061511;-0.014258
CCW;109;202.5;-157.50;-67.50;50;-0.31284996;0.45099992;26.60;0.030459;-0.014324;-0.30775010;0.44520000;26.61;0.059028;0.004541
CW;110;0;0.00;157.50;50;-0.32070008;0.45944990;26.60;0.054778;0.009155;-0.30984996;0.45065012;26.62;0.034963;-0.019604
CW;111;135;135.00;135.00;50;-0.31675000;0.45544990;26.60;0.046868;-0.021709;-0.30989996;0.45610004;26.61;0.041765;0.011982
CW;112;135;135.00;0.00;50;-0.30429996;0.45274990;26.63;0.047771;-0.021780;-0.30875006;0.45700000;26.62;0.040017;0.011929
CW;113;292.5;292.50;157.50;50;-0.31765002;0.45860012;26.60;0.035557;0.009485;-0.30645000;0.46279992;26.67;0.054910;-0.018657
CCW;114;247.5;247.50;-45.00;50;-0.30065000;0.45575000;26.64;0.028215;-0.001592;-0.30999996;0.45599980;26.63;0.061062;-0.008281
CCW;115;90;90.00;-157.50;50;-0.32005000;0.46470000;26.64;0.061128;-0.014670;-0.31274996;0.45675010;26.67;0.032405;0.004355
CCW;116;0;0.00;-90.00;50;-0.31549996;0.46285008;26.60;0.053572;0.008965;-0.30869994;0.45215008;26.60;0.037612;-0.018784
CW;117;157.5;157.50;157.50;50;-0.30699998;0.46150000;26.60;0.041804;-0.021602;-0.31039992;0.46494990;26.62;0.048284;0.012222
CCW;118;112.5;112.50;-45.00;50;-0.31024996;0.45540000;26.68;0.054624;-0.019255;-0.32025000;0.45125020;26.65;0.035603;0.009312
CW;119;112.5;112.50;0.00;50;-0.30394998;0.46374990;26.65;0.054482;-0.019138;-0.32070008;0.44480000;26.65;0.035435;0.009849
CW;120;135;135.00;22.50;50;-0.31535000;0.45645004;26.61;0.046929;-0.021838;-0.31455000;0.47415000;26.65;0.041101;0.011516
CW;121;270;270.00;135.00;50;-0.31960000;0.45835004;26.67;0.029924;0.004763;-0.29625010;0.45884980;26.65;0.058523;-0.014502
CW;122;337.5;337.50;67.50;50;-0.30665000;0.45665016;26.61;0.048179;0.012039;-0.31245002;0.46484984;26.62;0.042625;-0.021797
CW;123;90;90.00;90.00;50;-0.31194990;0.45850004;26.62;0.057668;-0.014629;-0.31570008;0.45345000;26.64;0.032437;0.004526
CW;124;135;135.00;45.00;50;-0.30794984;0.47655000;26.63;0.046072;-0.021489;-0.31385010;0.47414996;26.60;0.042410;0.012327
CW;125;247.5;247.50;112.50;50;-0.31695002;0.44825016;26.60;0.028123;-0.001472;-0.30120004;0.45065010;26.65;0.061611;-0.008293
CCW;126;67.5;67.50;-180.00;50;-0.30660000;0.46285000;26.67;0.061655;-0.008494;-0.31495004;0.44815000;26.67;0.027908;-0.001189
CW;127;90;90.00;22.50;50;-0.31619996;0.46659996;26.66;0.060581;-0.014697;-0.31815020;0.47589996;26.67;0.029521;0.004839
CCW;128;67.5;67.50;-22.50;50;-0.31554994;0.45675008;26.66;0.061375;-0.008101;-0.31129990;0.45724990;26.68;0.027649;-0.001548
CCW;129;315;-45.00;-112.50;50;-0.31595004;0.45774996;26.71;0.043516;0.011387;-0.30690002;0.45244996;26.69;0.045417;-0.021797
CCW;130;270;-90.00;-45.00;50;-0.30765000;0.44215000;26.72;0.031299;0.004558;-0.31094998;0.46489990;26.66;0.060322;-0.014419
CCW;131;202.5;-157.50;-67.50;50;-0.30385002;0.44660008;26.63;0.030259;-0.014160;-0.30734992;0.46679996;26.62;0.059302;0.004849
CCW;132;90;-270.00;-112.50;50;-0.30510002;0.43954996;26.64;0.058259;-0.014802;-0.29645010;0.45200000;26.61;0.030522;0.004746
CCW;133;45;-315.00;-45.00;50;-0.31145000;0.46095004;26.64;0.063533;-0.002217;-0.30909994;0.44490000;26.61;0.029233;-0.008101
CCW;134;247.5;-112.50;-112.50;50;-0.31004992;0.43859992;26.64;0.028535;-0.001440;-0.30040000;0.45634992;26.79;0.061677;-0.008462
CW;135;22.5;22.50;135.00;50;-0.31780004;0.46270000;26.73;0.059641;0.004451;-0.31270000;0.44550000;26.74;0.031536;-0.014382
CCW;136;315;-45.00;-67.50;50;-0.31384996;0.44610012;26.71;0.045029;0.011687;-0.31519996;0.45454996;26.76;0.049160;-0.021438
CCW;137;225;-135.00;-90.00;50;-0.30339996;0.45919990;26.74;0.030376;-0.008225;-0.30340000;0.44735008;26.73;0.059097;-0.001704
CCW;138;157.5;-202.50;-67.50;50;-0.30789992;0.45490016;26.80;0.041670;-0.021897;-0.31365004;0.43615000;26.77;0.049612;0.011619
CW;139;315;-45.00;157.50;50;-0.30314988;0.44969992;26.78;0.043328;0.011763;-0.32155010;0.45029996;26.73;0.051077;-0.021350
CW;140;0;0.00;45.00;50;-0.31449996;0.45959992;26.71;0.054058;0.008958;-0.30944996;0.45144992;26.71;0.034670;-0.018767
CW;141;22.5;22.50;22.50;50;-0.30744994;0.43905016;26.73;0.059646;0.004529;-0.29715004;0.45610010;26.75;0.030234;-0.014250
CCW;142;202.5;-157.50;-180.00;50;-0.29940006;0.45674992;26.74;0.030173;-0.014771;-0.30840004;0.45960016;26.75;0.058958;0.004172
CCW;143;45;-315.00;-157.50;50;-0.29324996;0.45420010;26.80;0.061719;-0.001992;-0.29750004;0.43234992;26.77;0.027820;-0.007710
CCW;144;292.5;-67.50;-67.50;50;-0.31334996;0.44130000;26.75;0.036008;0.009341;-0.29915010;0.46014992;26.71;0.054941;-0.019424
CCW;145;247.5;-112.50;-45.00;50;-0.30595004;0.44930024;26.78;0.027651;-0.001477;-0.30814996;0.45079992;26.78;0.061772;-0.008613
CW;146;292.5;-67.50;45.00;50;-0.30805004;0.45030000;26.76;0.035518;0.009033;-0.31275000;0.45009992;26.79;0.055137;-0.019287
CW;147;315;-45.00;22.50;50;-0.31505008;0.44915008;26.80;0.041990;0.011660;-0.31219990;0.45935000;26.79;0.050916;-0.021848
CW;148;112.5;112.50;157.50;50;-0.30380002;0.44690000;26.80;0.054509;-0.019373;-0.31670004;0.45280000;26.80;0.035312;0.009568
CCW;149;67.5;67.50;-45.00;50;-0.30859992;0.44590008;26.80;0.061501;-0.008401;-0.29850004;0.43945004;26.79;0.027637;-0.001028
CCW;150;315;-45.00;-112.50;50;-0.30649990;0.43669988;26.74;0.041790;0.011736;-0.30440000;0.45489990;26.77;0.049001;-0.021658
CCW;151;202.5;-157.50;-112.50;50;-0.29365010;0.44015010;26.79;0.030093;-0.014480;-0.30225000;0.44995004;26.80;0.058862;0.004216
CW;152;225;-135.00;22.50;50;-0.30120004;0.43579996;26.80;0.027390;-0.008054;-0.31460000;0.44865008;26.80;0.063311;-0.001421
CCW;153;180;-180.00;-45.00;50;-0.30824998;0.43435000;26.80;0.036606;-0.019146;-0.30330000;0.45125004;26.80;0.053645;0.008962
CW;154;247.5;-112.50;67.50;50;-0.30079994;0.44110012;26.80;0.029443;-0.001301;-0.29834998;0.44645000;26.80;0.061858;-0.008315
CW;155;22.5;22.50;135.00;50;-0.30054998;0.43760016;26.80;0.059280;0.004260;-0.29720004;0.43464990;26.82;0.030083;-0.014233
CW;156;180;180.00;157.50;50;-0.30120004;0.43970000;26.83;0.035117;-0.019573;-0.31435000;0.44105000;26.81;0.052896;0.009451
CW;157;315;315.00;135.00;50;-0.31265002;0.44085008;26.80;0.040146;0.011865;-0.28630006;0.43830004;26.80;0.049133;-0.021995
CW;158;45;45.00;45.00;50;-0.30894992;0.43185000;26.83;0.064373;-0.001826;-0.29245004;0.42869992;26.80;0.026807;-0.008142
CW;159;180;180.00;135.00;50;-0.30000000;0.43749990;26.83;0.031235;-0.019280;-0.29920004;0.43970000;26.81;0.055393;0.009697
CCW;160;0;0.00;-180.00;50;-0.30894996;0.44060010;26.80;0.053164;0.009080;-0.29170012;0.43635000;26.80;0.038462;-0.018921
CCW;161;315;-45.00;-45.00;50;-0.30105000;0.43544990;26.80;0.041479;0.011814;-0.30230000;0.43615010;26.80;0.048987;-0.021704
CW;162;45;45.00;90.00;50;-0.31075000;0.43725000;26.84;0.061926;-0.001702;-0.31084996;0.43505016;26.83;0.029292;-0.008152
CCW;163;0;0.00;-45.00;50;-0.31055004;0.43560012;26.85;0.053779;0.008979;-0.29375010;0.43524992;26.82;0.035007;-0.019324
CCW;164;247.5;-112.50;-112.50;50;-0.29660004;0.43529988;26.85;0.027661;-0.001440;-0.30865000;0.44795008;26.86;0.061526;-0.008511
CCW;165;135;-225.00;-112.50;50;-0.29910000;0.44819996;26.88;0.049155;-0.022122;-0.30520000;0.44565000;26.94;0.043167;0.011577
CCW;166;315;-45.00;-45.00;50;-0.30895000;0.44714984;26.87;0.041702;0.011960;-0.30455000;0.43980008;26.91;0.049019;-0.021531
CCW;167;225;-135.00;-90.00;50;-0.31135000;0.42170008;26.85;0.031682;-0.007556;-0.30030004;0.44879996;26.89;0.066423;-0.001882
CCW;168;157.5;-202.50;-67.50;50;-0.28405004;0.43910004;26.98;0.040718;-0.021616;-0.30824998;0.43245008;26.95;0.048804;0.011948
CW;169;270;-90.00;112.50;50;-0.29945010;0.42939990;26.96;0.029392;0.004709;-0.29130000;0.43270000;26.98;0.063298;-0.014749
CW;170;270;-90.00;0.00;50;-0.30049996;0.43860000;27.00;0.036724;0.004707;-0.30405004;0.43610010;26.99;0.061704;-0.014690
CCW;171;157.5;-202.50;-112.50;50;-0.29220012;0.43320016;26.97;0.040303;-0.021248;-0.29320010;0.43645000;26.92;0.050076;0.011270
CCW;172;90;-270.00;-67.50;50;-0.29660008;0.43990004;27.03;0.058845;-0.015781;-0.30090000;0.43379976;26.97;0.032224;0.005579
CCW;173;270;-90.00;-90.00;50;-0.28860000;0.42725010;27.01;0.034468;0.006086;-0.30199992;0.43389996;27.01;0.058035;-0.015525
CCW;174;135;-225.00;-135.00;50;-0.29240000;0.43230016;27.00;0.046804;-0.022170;-0.29545010;0.42335000;26.99;0.042385;0.012158
CW;175;180;-180.00;45.00;50;-0.30144996;0.41660020;27.02;0.034194;-0.018193;-0.30180000;0.42854992;26.99;0.053179;0.007869
CCW;176;45;-315.00;-135.00;50;-0.28740012;0.43580004;26.98;0.060632;-0.003096;-0.30629990;0.42180016;27.06;0.029380;-0.007087
CCW;177;22.5;-337.50;-22.50;50;-0.30405000;0.42145008;27.06;0.059070;0.002856;-0.29080004;0.42780004;27.08;0.029575;-0.013472
CW;178;67.5;-292.50;45.00;50;-0.30450000;0.41875008;27.04;0.060347;-0.010137;-0.29070004;0.41320016;27.04;0.027732;-0.000254
CW;179;112.5;-247.50;45.00;50;-0.30090000;0.42345000;27.10;0.052407;-0.020347;-0.29725006;0.42519996;27.10;0.036494;0.009688
CCW;180;337.5;-382.50;-135.00;50;-0.29510006;0.42160000;27.03;0.049299;0.011162;-0.29310004;0.42670008;27.09;0.040417;-0.021465
CW;181;135;-225.00;157.50;50;-0.29265010;0.42160008;27.06;0.044819;-0.021863;-0.29969996;0.42715000;27.10;0.040718;0.011995
CCW;182;112.5;-247.50;-22.50;50;-0.29625016;0.42469996;27.10;0.052251;-0.020420;-0.29639998;0.42910008;27.10;0.036633;0.009890
CW;183;157.5;-202.50;45.00;50;-0.29360010;0.42080010;27.09;0.039797;-0.021650;-0.30330002;0.42380000;27.09;0.049924;0.011135
CCW;184;135;-225.00;-22.50;50;-0.28540004;0.43435004;27.09;0.046396;-0.022202;-0.29775010;0.43100000;27.01;0.043184;0.011877
CCW;185;112.5;-247.50;-22.50;50;-0.29654998;0.42789996;27.04;0.052529;-0.020630;-0.31555004;0.42540004;27.10;0.036194;0.010027
CCW;186;337.5;-382.50;-135.00;50;-0.29620016;0.42550010;27.09;0.048821;0.011006;-0.28970006;0.43785000;27.09;0.039431;-0.021345
CCW;187;247.5;-112.50;-112.50;50;-0.29370012;0.41755010;27.08;0.027393;-0.000403;-0.29865004;0.43030008;27.04;0.061511;-0.009758
CW;188;247.5;-112.50;0.00;50;-0.29310018;0.41730010;27.04;0.028420;-0.000088;-0.29329996;0.42575016;27.04;0.061436;-0.009648
CW;189;292.5;-67.50;45.00;50;-0.31059992;0.42774990;27.06;0.037410;0.009607;-0.29545010;0.43010004;27.09;0.053242;-0.019602
CCW;190;180;-180.00;-112.50;50;-0.29799992;0.41735020;27.08;0.032078;-0.018469;-0.30904996;0.43165016;27.08;0.059663;0.008528
CCW;191;67.5;-292.50;-112.50;50;-0.30214992;0.43544984;27.06;0.060779;-0.009941;-0.29695000;0.42940008;27.03;0.028262;-0.000171
CW;192;180;-180.00;112.50;50;-0.30334994;0.42434996;27.10;0.031816;-0.018201;-0.29635006;0.43880004;27.08;0.053508;0.007937
CW;193;292.5;-67.50;112.50;50;-0.29885012;0.42685000;27.10;0.037085;0.009141;-0.29575014;0.43085004;27.10;0.053921;-0.020100
CW;194;90;90.00;157.50;50;-0.30395008;0.43780000;27.10;0.061396;-0.015474;-0.29869996;0.41145024;27.10;0.035325;0.005300
CW;195;157.5;157.50;67.50;50;-0.28805010;0.43000004;27.08;0.039390;-0.021741;-0.28865008;0.43285012;27.10;0.048594;0.011443
CW;196;202.5;202.50;45.00;50;-0.29035002;0.42340008;27.08;0.029993;-0.013477;-0.29959996;0.42550004;27.10;0.059995;0.003274
CW;197;292.5;292.50;90.00;50;-0.30154996;0.43390016;27.06;0.035603;0.009888;-0.29525004;0.42545008;27.07;0.052986;-0.019587
CW;198;45;45.00;45.00;50;-0.29905004;0.42805008;27.10;0.061968;-0.003535;-0.29320010;0.42360016;27.10;0.028633;-0.007219
CW;199;180;180.00;135.00;50;-0.29610010;0.42425008;27.08;0.036306;-0.018567;-0.29365004;0.42765000;27.04;0.055090;0.008396
CW;200;337.5;337.50;157.50;50;-0.30385000;0.43175020;27.09;0.048948;0.011321;-0.29835016;0.43120012;27.08;0.040515;-0.021733
CCW;201;180;180.00;-157.50;50;-0.29150012;0.42000010;27.10;0.034060;-0.018650;-0.30939996;0.43214990;27.08;0.056814;0.008384
CCW;202;157.5;157.50;-22.50;50;-0.29210004;0.43215008;27.09;0.038940;-0.021340;-0.29220010;0.42945000;27.10;0.048679;0.011479
CCW;203;90;90.00;-67.50;50;-0.29335004;0.42635008;27.10;0.056970;-0.015488;-0.29090008;0.42980008;27.10;0.034783;0.005635
CW;204;247.5;247.50;157.50;50;-0.27824998;0.42350016;27.10;0.027136;-0.000696;-0.29255004;0.42325010;27.09;0.060691;-0.009316
CCW;205;180;180.00;-67.50;50;-0.29685006;0.43040000;27.10;0.034097;-0.018110;-0.29984996;0.42599990;27.10;0.051287;0.007930
CCW;206;45;45.00;-135.00;50;-0.29255000;0.42440024;27.10;0.059321;-0.003103;-0.29180008;0.41205000;27.14;0.026982;-0.007068
CW;207;202.5;202.50;157.50;50;-0.28855014;0.42664980;27.14;0.028955;-0.013748;-0.29819996;0.43110016;27.13;0.058967;0.003250
CCW;208;157.5;157.50;-45.00;50;-0.28240008;0.42735008;27.13;0.040122;-0.021641;-0.29580006;0.43345000;27.12;0.049109;0.011614
CCW;209;67.5;67.50;-90.00;50;-0.29820010;0.42465008;27.16;0.060684;-0.009719;-0.30249998;0.42299996;27.11;0.027375;-0.000215
CCW;210;292.5;-67.50;-135.00;50;-0.29200012;0.43015012;27.10;0.035801;0.009475;-0.30155000;0.42515010;27.10;0.052903;-0.019919
CCW;211;225;-135.00;-67.50;50;-0.30239992;0.42025020;27.11;0.027629;-0.006870;-0.29100004;0.42279996;27.14;0.062012;-0.003096
CW;212;22.5;22.50;157.50;50;-0.29770004;0.43335020;27.14;0.059331;0.003284;-0.29515010;0.41810010;27.11;0.029653;-0.013594
CW;213;67.5;67.50;45.00;50;-0.30290000;0.43535000;27.12;0.060903;-0.010056;-0.29450008;0.42465010;27.18;0.027576;-0.000859
CCW;214;315;-45.00;-112.50;50;-0.28745008;0.43059992;27.10;0.043479;0.011726;-0.29315008;0.42405016;27.14;0.044922;-0.022498
CW;215;90;90.00;135.00;50;-0.28965008;0.42304996;27.14;0.058838;-0.015847;-0.28885012;0.42955000;27.12;0.030955;0.004934
CCW;216;315;-45.00;-135.00;50;-0.30525000;0.40855016;27.16;0.039092;0.011885;-0.28370004;0.41415010;27.11;0.040227;-0.021692
CW;217;337.5;-22.50;22.50;50;-0.29690010;0.40965012;27.14;0.048743;0.011489;-0.29490006;0.42160016;27.19;0.039456;-0.021829
CW;218;112.5;112.50;135.00;50;-0.29020010;0.41350008;27.20;0.053110;-0.019822;-0.28495002;0.42380004;27.14;0.035979;0.009565
CW;219;180;180.00;67.50;50;-0.29100004;0.42475016;27.23;0.033555;-0.018323;-0.28635000;0.42060004;27.19;0.054355;0.008145
CCW;220;22.5;22.50;-157.50;50;-0.28140000;0.42320000;27.27;0.058926;0.003455;-0.28525008;0.42110010;27.22;0.029685;-0.013926
CW;221;45;45.00;22.50;50;-0.28754996;0.40480024;27.23;0.062854;-0.003420;-0.27889996;0.41550020;27.26;0.027708;-0.007139
CW;222;67.5;67.50;22.50;50;-0.29310000;0.42065008;27.15;0.060322;-0.010164;-0.27429996;0.41205008;27.19;0.027312;-0.001050
CW;223;202.5;202.50;135.00;50;-0.29390010;0.40490016;27.17;0.029475;-0.013774;-0.28530004;0.41990012;27.16;0.058472;0.003201
CW;224;0;360.00;157.50;50;-0.29365006;0.42900000;27.22;0.052822;0.008367;-0.28124994;0.41540016;27.20;0.033269;-0.018799
CCW;225;337.5;337.50;-22.50;50;-0.28645006;0.42609996;27.16;0.048704;0.011465;-0.29245012;0.41465010;27.22;0.040876;-0.022197
CW;226;112.5;112.50;112.50;50;-0.28704996;0.42960004;27.11;0.051892;-0.020054;-0.29205004;0.43115004;27.10;0.035115;0.009766
CCW;227;22.5;22.50;-90.00;50;-0.30509996;0.42445010;27.13;0.059116;0.003198;-0.29515010;0.42195010;27.16;0.029102;-0.013782
CW;228;22.5;22.50;0.00;50;-0.28760010;0.42265016;27.13;0.058691;0.003215;-0.29005006;0.42405008;27.13;0.029243;-0.013621
CCW;229;315;-45.00;-67.50;50;-0.29765008;0.41970020;27.15;0.041587;0.011348;-0.28515004;0.42924992;27.18;0.046865;-0.022195
CCW;230;135;-225.00;-180.00;50;-0.28505004;0.42265000;27.21;0.047488;-0.022112;-0.29085004;0.42015010;27.18;0.043984;0.011597
CW;231;157.5;-202.50;22.50;50;-0.29565006;0.42295010;27.21;0.038867;-0.021458;-0.28920000;0.41735008;27.23;0.049058;0.011021
CCW;232;90;-270.00;-67.50;50;-0.29385006;0.41985008;27.14;0.056472;-0.016216;-0.29490004;0.41120008;27.12;0.030801;0.005527
CCW;233;337.5;-382.50;-112.50;50;-0.29535004;0.41265000;27.16;0.048225;0.011089;-0.28549996;0.42625008;27.18;0.039092;-0.021655
CCW;234;180;-180.00;-180.00;50;-0.28130008;0.42980000;27.15;0.031980;-0.019116;-0.29570004;0.42120004;27.14;0.057834;0.007351
CW;235;202.5;-157.50;22.50;50;-0.28905012;0.41705008;27.20;0.029214;-0.013809;-0.28895004;0.42490016;27.25;0.059067;0.002971
CW;236;292.5;-67.50;90.00;50;-0.29600004;0.41000020;27.15;0.036304;0.009524;-0.28564998;0.42100010;27.14;0.053450;-0.020156
CCW;237;225;-135.00;-67.50;50;-0.28615010;0.41570020;27.20;0.026304;-0.007456;-0.28680004;0.42699990;27.17;0.062114;-0.002925
CW;238;22.5;22.50;157.50;50;-0.28015004;0.42100020;27.15;0.058408;0.003518;-0.28850004;0.42755020;27.19;0.029517;-0.013486
CCW;239;292.5;-67.50;-90.00;50;-0.30110008;0.42010010;27.14;0.035544;0.009614;-0.28115000;0.42355020;27.15;0.052236;-0.020247
CCW;240;180;-180.00;-112.50;50;-0.29295010;0.40795012;27.16;0.033770;-0.018542;-0.30515006;0.41990012;27.16;0.057891;0.008086
CW;241;337.5;-22.50;157.50;50;-0.28334996;0.43220012;27.17;0.048953;0.011296;-0.28870010;0.42299992;27.18;0.039333;-0.021589
CCW;242;157.5;-202.50;-180.00;50;-0.28160010;0.41965016;27.18;0.039016;-0.021692;-0.28545010;0.43114990;27.14;0.049001;0.011079
CCW;243;45;-315.00;-112.50;50;-0.28785010;0.42065020;27.25;0.060356;-0.003271;-0.28215000;0.42620016;27.18;0.029719;-0.006968
CCW;244;270;-90.00;-90.00;50;-0.28260008;0.42225004;27.19;0.028406;0.005493;-0.28139996;0.42849992;27.19;0.060007;-0.015879
CW;245;0;0.00;90.00;50;-0.29230010;0.40825012;27.18;0.054790;0.007954;-0.28655010;0.41315020;27.17;0.033008;-0.018884
CW;246;67.5;67.50;67.50;50;-0.28785008;0.42010012;27.22;0.060708;-0.009812;-0.28319996;0.40755004;27.18;0.027607;-0.001021
CCW;247;270;-90.00;-157.50;50;-0.28214996;0.41030016;27.19;0.033081;0.005161;-0.28590006;0.42230008;27.15;0.058865;-0.015701
CW;248;315;-45.00;45.00;50;-0.28815012;0.41495010;27.22;0.045691;0.011040;-0.27400000;0.41760004;27.14;0.045859;-0.022522
CCW;249;247.5;-112.50;-67.50;50;-0.29035002;0.41745020;27.16;0.027480;-0.000408;-0.29665004;0.40990012;27.21;0.060840;-0.009678
CW;250;22.5;22.50;135.00;50;-0.28845006;0.41880008;27.22;0.058938;0.002754;-0.28849998;0.40960000;27.16;0.028999;-0.013391
CCW;251;225;-135.00;-157.50;50;-0.28120004;0.42410008;27.19;0.025671;-0.006936;-0.28084996;0.42105000;27.18;0.062078;-0.003352
CCW;252;135;-225.00;-90.00;50;-0.28810012;0.41315012;27.19;0.044768;-0.022820;-0.29749990;0.40350004;27.18;0.042314;0.011694
CCW;253;45;-315.00;-90.00;50;-0.28675008;0.42285016;27.19;0.063743;-0.003916;-0.29110006;0.41970008;27.13;0.024741;-0.007017
CCW;254;22.5;-337.50;-22.50;50;-0.28940000;0.41275012;27.16;0.058074;0.002607;-0.28600000;0.41680020;27.16;0.027517;-0.013315
CW;255;22.5;-337.50;0.00;50;-0.28724996;0.42045004;27.17;0.058765;0.002896;-0.29045000;0.41655004;27.16;0.029045;-0.013684
CCW;256;225;-135.00;-135.00;50;-0.28650008;0.42110000;27.15;0.027661;-0.006904;-0.28100004;0.42224996;27.15;0.061648;-0.003733
CW;257;0;0.00;135.00;50;-0.29630002;0.42290004;27.16;0.055510;0.007847;-0.29185000;0.41200008;27.17;0.036946;-0.018440
CCW;258;315;-45.00;-45.00;50;-0.29410010;0.40700012;27.17;0.044170;0.011755;-0.28420004;0.40565016;27.11;0.048179;-0.022261
CW;259;112.5;112.50;157.50;50;-0.28480002;0.42385008;27.17;0.052329;-0.019919;-0.28735010;0.41530000;27.16;0.035620;0.009807
CW;260;270;270.00;157.50;50;-0.28090000;0.41150016;27.18;0.029546;0.005554;-0.28390002;0.41740010;27.16;0.057332;-0.015444
CW;261;67.5;67.50;67.50;50;-0.29370008;0.41265010;27.19;0.060166;-0.009973;-0.28024996;0.40405016;27.18;0.027227;-0.000579
CW;262;67.5;67.50;0.00;50;-0.28750000;0.42385004;27.22;0.060903;-0.009827;-0.28674996;0.40925016;27.15;0.026904;-0.000510
CW;263;180;180.00;112.50;50;-0.27285004;0.40450016;27.20;0.033914;-0.018525;-0.28730008;0.41980008;27.26;0.052805;0.008247
CCW;264;90;90.00;-90.00;50;-0.27459990;0.42405016;27.19;0.056995;-0.015725;-0.28265008;0.41715024;27.21;0.030051;0.005447
CW;265;247.5;247.50;157.50;50;-0.27954992;0.40530010;27.20;0.027354;-0.000911;-0.28019996;0.41420000;27.20;0.060422;-0.010012
CCW;266;225;225.00;-22.50;50;-0.28350002;0.41465008;27.15;0.024973;-0.007319;-0.28765014;0.42264996;27.24;0.061138;-0.003088
CCW;267;45;45.00;-180.00;50;-0.28114998;0.42500010;27.15;0.061631;-0.003213;-0.27440000;0.40760016;27.22;0.025417;-0.007195
CCW;268;315;-45.00;-90.00;50;-0.29000008;0.41110010;27.16;0.043359;0.011111;-0.28825010;0.41680016;27.18;0.046855;-0.022690
CCW;269;247.5;-112.50;-67.50;50;-0.28295000;0.41715008;27.25;0.027532;-0.000613;-0.29570010;0.41240020;27.25;0.060757;-0.009919
CW;270;337.5;-22.50;90.00;50;-0.28775012;0.41385024;27.17;0.048604;0.010933;-0.27545000;0.42810016;27.16;0.039329;-0.022253
CCW;271;292.5;-67.50;-45.00;50;-0.27085000;0.40530024;27.17;0.034973;0.009470;-0.28199998;0.42515020;27.13;0.052559;-0.019795
CCW;272;202.5;-157.50;-90.00;50;-0.27754998;0.40760004;27.25;0.029094;-0.013550;-0.28925002;0.41250000;27.27;0.059102;0.003218
CCW;273;22.5;-337.50;-180.00;50;-0.27644992;0.41530010;27.22;0.058628;0.002656;-0.27614992;0.41145000;27.25;0.029172;-0.013496
CW;274;157.5;-202.50;135.00;50;-0.28179988;0.42065004;27.18;0.038667;-0.021658;-0.29290006;0.41470010;27.21;0.049297;0.011028
CW;275;247.5;-112.50;90.00;50;-0.28010000;0.40345004;27.22;0.027180;-0.000635;-0.27519996;0.41705008;27.22;0.060952;-0.009846
CW;276;337.5;-22.50;90.00;50;-0.28890008;0.41684996;27.23;0.049121;0.010999;-0.28209992;0.40940016;27.22;0.039558;-0.021475
CW;277;67.5;67.50;90.00;50;-0.28210008;0.42189996;27.20;0.060405;-0.010271;-0.28664994;0.41040020;27.14;0.027180;-0.000757
CCW;278;22.5;22.50;-45.00;50;-0.28645010;0.41774992;27.16;0.058381;0.003376;-0.28720006;0.40905010;27.18;0.028936;-0.013684
CW;279;180;180.00;157.50;50;-0.28445002;0.41140000;27.24;0.031304;-0.018953;-0.27514994;0.42275012;27.27;0.054248;0.008232
CW;280;225;225.00;45.00;50;-0.27360000;0.41675010;27.26;0.026807;-0.007207;-0.27679998;0.42225008;27.25;0.060564;-0.002979
CCW;281;90;90.00;-135.00;50;-0.28180010;0.40865016;27.24;0.056506;-0.015950;-0.28810006;0.42195016;27.24;0.028701;0.005530
CW;282;202.5;202.50;112.50;50;-0.27619994;0.41800008;27.25;0.029185;-0.013667;-0.27465000;0.41320000;27.27;0.058613;0.003105
CCW;283;22.5;22.50;-180.00;50;-0.27914992;0.41275020;27.25;0.058433;0.002654;-0.28149990;0.41450010;27.29;0.029060;-0.013647
CW;284;157.5;157.50;135.00;50;-0.27670002;0.41650012;27.25;0.040576;-0.021553;-0.28900004;0.41615008;27.26;0.049009;0.011389
CW;285;157.5;157.50;0.00;50;-0.27089996;0.41144996;27.17;0.038994;-0.021545;-0.28425002;0.42110004;27.23;0.047900;0.010979
CW;286;315;315.00;157.50;50;-0.27944996;0.42230008;27.23;0.041655;0.011995;-0.27364988;0.41920008;27.23;0.048096;-0.022026
CCW;287;202.5;202.50;-112.50;50;-0.26835000;0.41520000;27.23;0.029353;-0.013564;-0.28245002;0.41565010;27.21;0.059004;0.003196
CW;288;337.5;337.50;135.00;50;-0.28059998;0.42004990;27.21;0.048186;0.010750;-0.28255004;0.41820008;27.29;0.041609;-0.022288
CCW;289;180;180.00;-157.50;50;-0.28330008;0.42505000;27.24;0.032581;-0.018540;-0.27085000;0.41495000;27.27;0.054382;0.008240
CCW;290;45;45.00;-135.00;50;-0.27340004;0.41565010;27.17;0.062603;-0.003267;-0.26924996;0.41620020;27.16;0.028906;-0.007297
CW;291;180;180.00;135.00;50;-0.27490002;0.41445004;27.18;0.033586;-0.018811;-0.27690000;0.42824996;27.22;0.056287;0.008020
CW;292;225;225.00;45.00;50;-0.26974994;0.41565012;27.21;0.027795;-0.006802;-0.28084990;0.41185000;27.21;0.059856;-0.002671
CCW;293;202.5;202.50;-22.50;50;-0.27814996;0.40885028;27.25;0.028813;-0.013621;-0.27739992;0.41545010;27.25;0.058845;0.003372
CCW;294;157.5;157.50;-45.00;50;-0.27290002;0.40675016;27.25;0.038989;-0.021716;-0.27214996;0.41175008;27.26;0.047822;0.011377
CW;295;157.5;157.50;0.00;50;-0.28614998;0.40735012;27.30;0.038828;-0.021741;-0.28044996;0.41330012;27.30;0.048469;0.011145
CW;296;292.5;292.50;135.00;50;-0.28455004;0.41110024;27.30;0.035298;0.009924;-0.28250010;0.41019996;27.30;0.053027;-0.019700
CW;297;45;45.00;45.00;50;-0.28700006;0.41960010;27.26;0.062292;-0.003247;-0.27114992;0.40330004;27.30;0.025918;-0.007114
CW;298;45;45.00;0.00;50;-0.29025004;0.41020004;27.26;0.063748;-0.003135;-0.28179990;0.39755016;27.19;0.022500;-0.007432
CCW;299;0;0.00;-45.00;50;-0.28175002;0.40535000;27.21;0.052158;0.008218;-0.27459996;0.41430008;27.29;0.032695;-0.018848
CW;300;135;135.00;135.00;50;-0.27209994;0.40585010;27.26;0.051135;-0.021831;-0.27345000;0.40740012;27.30;0.040334;0.011575
CW;301;180;180.00;45.00;50;-0.27435002;0.40940000;27.24;0.032822;-0.018435;-0.27394986;0.40875016;27.28;0.054202;0.008494
CCW;302;45;45.00;-135.00;50;-0.28935006;0.40440004;27.26;0.061152;-0.003293;-0.27349994;0.40495016;27.30;0.027473;-0.007732
CW;303;45;45.00;0.00;50;-0.28505004;0.40920012;27.25;0.060427;-0.003145;-0.28905008;0.41390030;27.28;0.025598;-0.007021
CCW;304;0;0.00;-45.00;50;-0.30165004;0.39430008;27.28;0.058953;0.007859;-0.29215004;0.41085010;27.30;0.037327;-0.018875
CCW;305;180;-180.00;-180.00;50;-0.27879992;0.39985012;27.28;0.034980;-0.018372;-0.28954996;0.39445010;27.30;0.056619;0.007915
CCW;306;112.5;-247.50;-67.50;50;-0.28015004;0.40725016;27.30;0.051919;-0.020239;-0.28485004;0.40285000;27.30;0.036311;0.009375
CCW;307;67.5;-292.50;-45.00;50;-0.27360000;0.41310012;27.30;0.060383;-0.010015;-0.28500006;0.40680010;27.30;0.027864;-0.000950
CCW;308;292.5;-67.50;-67.50;50;-0.27874990;0.40690010;27.31;0.035703;0.009666;-0.27504992;0.41000012;27.30;0.051880;-0.020261
CCW;309;247.5;-112.50;-45.00;50;-0.27859992;0.40365000;27.30;0.027856;-0.000803;-0.26930000;0.40745016;27.30;0.059934;-0.009988
CW;310;315;-45.00;67.50;50;-0.28460004;0.40690024;27.33;0.044744;0.011033;-0.28300004;0.39935000;27.30;0.048137;-0.022009
CW;311;67.5;67.50;112.50;50;-0.27924996;0.40680012;27.31;0.060413;-0.009871;-0.27020000;0.41100008;27.30;0.027161;-0.000679
CCW;312;270;-90.00;-157.50;50;-0.28400004;0.39364996;27.30;0.029883;0.005461;-0.28170002;0.39295004;27.30;0.056873;-0.015972
CW;313;67.5;67.50;157.50;50;-0.28585002;0.41820010;27.31;0.060564;-0.010010;-0.27789992;0.40080016;27.30;0.027290;-0.000513
CW;314;135;135.00;67.50;50;-0.28780012;0.40865016;27.35;0.048591;-0.022175;-0.27809998;0.40555016;27.35;0.041797;0.012000
CW;315;225;225.00;90.00;50;-0.28520010;0.40375008;27.34;0.027366;-0.006992;-0.28615010;0.41750020;27.31;0.059075;-0.002913
CCW;316;135;135.00;-90.00;50;-0.27774992;0.39505004;27.35;0.044487;-0.022004;-0.28059998;0.41020020;27.35;0.040752;0.011797
CW;317;180;180.00;45.00;50;-0.27094996;0.39325008;27.34;0.033352;-0.018518;-0.28275004;0.40575024;27.33;0.053818;0.008455
CW;318;180;180.00;0.00;50;-0.27234996;0.40450012;27.36;0.033020;-0.018596;-0.25985006;0.40949992;27.43;0.053992;0.008296
CW;319;270;270.00;90.00;50;-0.28780000;0.39860020;27.47;0.030093;0.005090;-0.28114992;0.40265016;27.41;0.059387;-0.015386
CW;320;45;45.00;45.00;50;-0.28520010;0.40040012;27.43;0.062676;-0.003599;-0.27525000;0.39675004;27.45;0.027649;-0.008040
CCW;321;0;0.00;-45.00;50;-0.28585010;0.40645004;27.46;0.054448;0.007815;-0.28175004;0.40020004;27.51;0.035356;-0.018950
CW;322;135;135.00;135.00;50;-0.26615006;0.38719996;27.45;0.045242;-0.022119;-0.26864996;0.39815004;27.50;0.039448;0.011562
CW;323;180;180.00;45.00;50;-0.28705004;0.39690016;27.48;0.032944;-0.019275;-0.28070000;0.40480020;27.49;0.053613;0.008096
CW;324;315;315.00;135.00;50;-0.26739996;0.41080012;27.50;0.043159;0.011460;-0.28125004;0.38885008;27.52;0.050366;-0.022588
CW;325;0;360.00;45.00;50;-0.27475000;0.40295016;27.48;0.054065;0.007881;-0.27539998;0.40565000;27.47;0.038440;-0.019033
CCW;326;270;270.00;-90.00;50;-0.28270006;0.40490010;27.52;0.028918;0.004905;-0.27745000;0.41175020;27.50;0.062039;-0.015457
CW;327;337.5;337.50;67.50;50;-0.27805004;0.40140004;27.58;0.048386;0.010659;-0.28720016;0.39375008;27.47;0.039724;-0.021787
CW;328;45;45.00;45.00;50;-0.28675004;0.40235012;27.44;0.060383;-0.003572;-0.28275010;0.38795008;27.49;0.026294;-0.007073
CCW;329;292.5;-67.50;-112.50;50;-0.28640014;0.39520016;27.55;0.035261;0.009697;-0.28310004;0.40225004;27.47;0.051621;-0.019946
CCW;330;135;-225.00;-157.50;50;-0.26925004;0.39810004;27.53;0.044983;-0.021816;-0.26804992;0.40270008;27.46;0.040715;0.011863
CW;331;202.5;-157.50;67.50;50;-0.26745004;0.40440024;27.49;0.028806;-0.013513;-0.27939996;0.39675008;27.50;0.058677;0.002725
CW;332;0;0.00;157.50;50;-0.27804996;0.41100008;27.47;0.055242;0.007939;-0.26354998;0.40230016;27.47;0.035034;-0.018828
CW;333;22.5;22.50;22.50;50;-0.27999994;0.40335010;27.47;0.059155;0.002783;-0.28245002;0.39935004;27.41;0.029277;-0.013411
CCW;334;247.5;-112.50;-135.00;50;-0.27794992;0.39235008;27.44;0.027112;-0.000659;-0.27940000;0.41270010;27.36;0.060271;-0.009404
CW;335;45;45.00;157.50;50;-0.27149990;0.39750004;27.36;0.061116;-0.003406;-0.28320010;0.39975004;27.40;0.026426;-0.007273
CW;336;135;135.00;90.00;50;-0.27229990;0.40290024;27.35;0.042517;-0.021821;-0.27285000;0.41030010;27.40;0.041155;0.012129
CW;337;292.5;292.50;157.50;50;-0.27429992;0.40300024;27.32;0.035234;0.009629;-0.27584994;0.41080010;27.37;0.052417;-0.019702
CCW;338;180;180.00;-112.50;50;-0.26994994;0.38725000;27.32;0.033142;-0.018511;-0.28089996;0.40195012;27.33;0.053489;0.008279
CW;339;315;315.00;135.00;50;-0.27774992;0.41100000;27.34;0.041968;0.011501;-0.28084990;0.40040000;27.36;0.047241;-0.021772
CCW;340;292.5;292.50;-22.50;50;-0.27745000;0.41325008;27.37;0.034883;0.009507;-0.27350000;0.40205016;27.33;0.052629;-0.019805
CW;341;292.5;292.50;0.00;50;-0.28350000;0.40420024;27.36;0.035371;0.009832;-0.27874996;0.40790016;27.33;0.052327;-0.019922
CW;342;315;315.00;22.50;50;-0.28770000;0.40500000;27.38;0.040339;0.012161;-0.28460014;0.40170000;27.40;0.049150;-0.021907
CCW;343;247.5;247.50;-67.50;50;-0.27934998;0.40305004;27.34;0.027295;-0.000203;-0.28304994;0.39635010;27.36;0.060010;-0.009504
CCW;344;90;90.00;-157.50;50;-0.27555000;0.40980010;27.38;0.056692;-0.015789;-0.28184998;0.40790012;27.44;0.028662;0.005339
CCW;345;0;0.00;-90.00;50;-0.28115004;0.40895000;27.40;0.055217;0.008257;-0.27759996;0.39865020;27.40;0.033210;-0.018667
CCW;346;292.5;-67.50;-67.50;50;-0.28020004;0.41000016;27.47;0.034812;0.009773;-0.27359996;0.41480020;27.42;0.052217;-0.020410
CCW;347;225;-135.00;-67.50;50;-0.28640008;0.40615012;27.37;0.025513;-0.007419;-0.28350000;0.39945008;27.44;0.061951;-0.002942
CW;348;225;-135.00;0.00;50;-0.27374992;0.39324992;27.42;0.027410;-0.006938;-0.28330010;0.41230000;27.38;0.061323;-0.003501
CCW;349;135;-225.00;-90.00;50;-0.28530010;0.39685000;27.43;0.044126;-0.022676;-0.28645004;0.40915010;27.42;0.044775;0.011301
CCW;350;337.5;-382.50;-157.50;50;-0.28905010;0.39665016;27.38;0.047739;0.010999;-0.27950008;0.40480008;27.36;0.040283;-0.021514
CW;351;112.5;-247.50;135.00;50;-0.27114992;0.41090004;27.41;0.052148;-0.020334;-0.28205004;0.40380000;27.38;0.035735;0.009583
CCW;352;67.5;-292.50;-45.00;50;-0.26900002;0.40220010;27.43;0.059136;-0.009924;-0.27304996;0.40245000;27.43;0.027927;-0.000735
CW;353;90;-270.00;22.50;50;-0.27844998;0.40030000;27.39;0.057065;-0.015645;-0.28490008;0.38764996;27.41;0.035344;0.005151
CCW;354;22.5;-337.50;-67.50;50;-0.28900006;0.40835016;27.33;0.057490;0.002915;-0.27140006;0.40115004;27.36;0.029294;-0.013521
CW;355;112.5;-247.50;90.00;50;-0.28109992;0.40550004;27.30;0.052178;-0.020281;-0.27760002;0.40200000;27.32;0.035598;0.009724
CW;356;225;-135.00;112.50;50;-0.28105006;0.40795010;27.37;0.025237;-0.006873;-0.27449998;0.40785010;27.33;0.058765;-0.003347
CCW;357;135;-225.00;-90.00;50;-0.27789992;0.40350004;27.34;0.047393;-0.021753;-0.28600000;0.39820020;27.33;0.049680;0.011550
CW;358;292.5;-67.50;157.50;50;-0.28530002;0.40080000;27.33;0.035342;0.009866;-0.26660004;0.40800024;27.35;0.052087;-0.019958
CCW;359;225;-135.00;-67.50;50;-0.27800006;0.39910020;27.33;0.024409;-0.007065;-0.27809998;0.40015012;27.31;0.062776;-0.002964
CW;360;247.5;-112.50;22.50;50;-0.27650000;0.40550016;27.32;0.027839;-0.000527;-0.28045000;0.40490010;27.30;0.060967;-0.009766
CW;361;315;-45.00;67.50;50;-0.26160008;0.40505012;27.32;0.044927;0.011721;-0.27609998;0.40315016;27.34;0.047744;-0.021743
CCW;362;292.5;-67.50;-22.50;50;-0.28315000;0.40545020;27.34;0.035981;0.009551;-0.28294992;0.41190012;27.33;0.052419;-0.019705
CW;363;292.5;-67.50;0.00;50;-0.29210004;0.40980000;27.35;0.035957;0.009639;-0.27590000;0.40620016;27.32;0.052747;-0.019963
CCW;364;247.5;-112.50;-45.00;50;-0.28085004;0.38399992;27.32;0.026948;-0.000254;-0.27055000;0.41195010;27.30;0.060994;-0.009666
CCW;365;225;-135.00;-22.50;50;-0.27625000;0.39414992;27.32;0.029829;-0.007136;-0.28130008;0.41990010;27.33;0.063672;-0.003508
CW;366;225;-135.00;0.00;50;-0.27184988;0.39210000;27.33;0.028308;-0.006709;-0.28000006;0.39735008;27.34;0.057041;-0.003259
CCW;367;202.5;-157.50;-22.50;50;-0.27445000;0.40020008;27.38;0.028276;-0.013357;-0.28649992;0.39539996;27.33;0.058191;0.002908
CW;368;315;-45.00;112.50;50;-0.27474992;0.39540000;27.34;0.043403;0.011831;-0.27889996;0.40995000;27.34;0.048655;-0.021621
CW;369;90;90.00;135.00;50;-0.28370004;0.41315012;27.31;0.059570;-0.015349;-0.27799990;0.39479996;27.37;0.032444;0.006101
CW;370;90;90.00;0.00;50;-0.27374998;0.39955004;27.37;0.061035;-0.015315;-0.29350012;0.39320010;27.33;0.029160;0.005640
CW;371;225;225.00;135.00;50;-0.27959996;0.39515010;27.33;0.029614;-0.007080;-0.28810006;0.39735000;27.36;0.062268;-0.002668
CCW;372;135;135.00;-90.00;50;-0.27624996;0.40195012;27.35;0.048989;-0.022017;-0.28435004;0.39480004;27.36;0.045024;0.012397
CW;373;202.5;202.50;67.50;50;-0.27095000;0.39285008;27.33;0.029478;-0.013218;-0.27679998;0.39645016;27.43;0.059133;0.003540
CCW;374;157.5;157.50;-45.00;50;-0.26390010;0.38910008;27.43;0.039265;-0.021565;-0.27955000;0.41170010;27.42;0.048425;0.011243
CCW;375;90;90.00;-67.50;50;-0.27444996;0.39570010;27.38;0.057629;-0.015623;-0.27904996;0.40165016;27.38;0.031555;0.005125
CCW;376;0;0.00;-90.00;50;-0.28034996;0.39730008;27.42;0.057097;0.008145;-0.27065000;0.40440004;27.45;0.035474;-0.018823
CCW;377;180;-180.00;-180.00;50;-0.26914996;0.40180000;27.44;0.036145;-0.018518;-0.27580004;0.39975004;27.46;0.055674;0.007954
CW;378;202.5;-157.50;22.50;50;-0.27859992;0.40175008;27.41;0.028584;-0.013569;-0.27819996;0.39700008;27.44;0.058855;0.002871
CW;379;247.5;-112.50;45.00;50;-0.27554992;0.40575004;27.42;0.028186;-0.000208;-0.28035004;0.40720004;27.43;0.060886;-0.009492
CCW;380;112.5;-247.50;-135.00;50;-0.28530008;0.41400010;27.41;0.051831;-0.020366;-0.28074996;0.39505020;27.40;0.035188;0.009890
CW;381;225;-135.00;112.50;50;-0.28040000;0.39099996;27.37;0.023464;-0.007095;-0.27210000;0.40120008;27.45;0.061140;-0.003411
CCW;382;180;-180.00;-45.00;50;-0.26874990;0.40200012;27.44;0.035417;-0.018643;-0.27900000;0.40400010;27.44;0.050217;0.007722
CW;383;292.5;-67.50;112.50;50;-0.27145004;0.39375008;27.44;0.035640;0.009775;-0.27084996;0.40695016;27.40;0.052351;-0.020093
CW;384;67.5;67.50;135.00;50;-0.26730004;0.40410008;27.42;0.061355;-0.010027;-0.26525004;0.39785004;27.36;0.028630;-0.000442
CCW;385;247.5;-112.50;-180.00;50;-0.27725000;0.40285008;27.46;0.027725;-0.000371;-0.27809998;0.40615004;27.36;0.060356;-0.010100
CCW;386;135;-225.00;-112.50;50;-0.27869990;0.39800012;27.41;0.044551;-0.021829;-0.27185000;0.40200004;27.44;0.042068;0.011587
CW;387;202.5;-157.50;67.50;50;-0.25684996;0.39575000;27.38;0.028774;-0.013589;-0.27345000;0.40830024;27.42;0.058784;0.003145
CCW;388;67.5;-292.50;-135.00;50;-0.27515000;0.41280000;27.44;0.060115;-0.009839;-0.27410000;0.39220008;27.39;0.029246;-0.000461
CW;389;202.5;-157.50;135.00;50;-0.27904996;0.40070016;27.44;0.028906;-0.013591;-0.27699992;0.40325010;27.40;0.059365;0.003079
CW;390;270;-90.00;67.50;50;-0.26870000;0.39375004;27.43;0.028567;0.005547;-0.27489992;0.40305004;27.46;0.059524;-0.016006
CCW;391;247.5;-112.50;-22.50;50;-0.27275002;0.40050020;27.44;0.027449;-0.000701;-0.27094988;0.40125000;27.51;0.060583;-0.010151
CW;392;270;-90.00;22.50;50;-0.28755006;0.39525008;27.44;0.028569;0.005654;-0.27644996;0.39185000;27.49;0.056919;-0.015857
CW;393;22.5;22.50;112.50;50;-0.27464998;0.40115004;27.47;0.060586;0.002568;-0.27960000;0.39770016;27.46;0.027993;-0.013413
CCW;394;0;0.00;-22.50;50;-0.27914992;0.39355004;27.51;0.055491;0.008276;-0.27995002;0.39165010;27.57;0.034500;-0.018628
CW;395;157.5;157.50;157.50;50;-0.25915004;0.39460010;27.55;0.039014;-0.021794;-0.26705004;0.40540020;27.58;0.048052;0.011487
CCW;396;45;45.00;-112.50;50;-0.27874990;0.40305008;27.52;0.060598;-0.003442;-0.27370000;0.38690004;27.49;0.027783;-0.007151
CCW;397;247.5;-112.50;-157.50;50;-0.27365002;0.39125010;27.53;0.026995;-0.000701;-0.27079992;0.39645020;27.48;0.059763;-0.009973
CW;398;0;0.00;112.50;50;-0.27865004;0.39505016;27.55;0.055583;0.007803;-0.26255000;0.38905008;27.58;0.034556;-0.018735
CW;399;157.5;157.50;157.50;50;-0.27324998;0.39365008;27.57;0.039297;-0.021565;-0.27095000;0.40215004;27.53;0.048286;0.011653
CCW;400;337.5;-22.50;-180.00;50;-0.27894998;0.39415016;27.52;0.049021;0.011294;-0.28034994;0.39845008;27.55;0.039365;-0.021467
CW;401;90;90.00;112.50;50;-0.27299994;0.40680010;27.48;0.058342;-0.015332;-0.28620010;0.39950004;27.54;0.030569;0.005974
CCW;402;292.5;-67.50;-157.50;50;-0.27174996;0.39710010;27.56;0.034155;0.009646;-0.25700010;0.40315016;27.50;0.051777;-0.019629
CW;403;0;0.00;67.50;50;-0.27929996;0.39565016;27.48;0.053242;0.008047;-0.27359998;0.39430008;27.52;0.032327;-0.018567
CW;404;90;90.00;90.00;50;-0.28120004;0.39975000;27.47;0.055417;-0.015613;-0.28164998;0.39015000;27.47;0.030308;0.005234
CW;405;202.5;202.50;112.50;50;-0.28460002;0.38925008;27.44;0.030298;-0.013464;-0.27550006;0.40110016;27.46;0.059133;0.003279
CW;406;202.5;202.50;0.00;50;-0.27629998;0.40360020;27.38;0.028525;-0.013223;-0.27279994;0.40110008;27.40;0.058179;0.003433
CCW;407;90;90.00;-112.50;50;-0.27050000;0.39775016;27.45;0.056729;-0.015981;-0.28390004;0.40445020;27.48;0.029504;0.005300
CCW;408;45;45.00;-45.00;50;-0.27349990;0.40290012;27.46;0.059448;-0.003459;-0.27945000;0.39535010;27.49;0.025549;-0.007012
CW;409;202.5;202.50;157.50;50;-0.25780016;0.39355016;27.44;0.028628;-0.013596;-0.27804992;0.39970008;27.46;0.058997;0.003076
CCW;410;157.5;157.50;-45.00;50;-0.26905000;0.38995010;27.45;0.039270;-0.021182;-0.27574998;0.39395004;27.48;0.048042;0.011343
CCW;411;90;90.00;-67.50;50;-0.27914998;0.40025008;27.49;0.055557;-0.016313;-0.27794992;0.40120000;27.49;0.030618;0.005159
CW;412;225;225.00;135.00;50;-0.27685004;0.39399992;27.48;0.025181;-0.007273;-0.26525010;0.38940004;27.50;0.059351;-0.003254
CCW;413;45;45.00;-180.00;50;-0.28145006;0.39420004;27.50;0.061296;-0.003169;-0.27800000;0.39565016;27.49;0.024053;-0.007661
CCW;414;0;0.00;-45.00;50;-0.28110010;0.40120016;27.40;0.052539;0.007837;-0.26979990;0.39990020;27.41;0.033391;-0.018694
CW;415;112.5;112.50;112.50;50;-0.26635000;0.40555028;27.43;0.051782;-0.019890;-0.26655004;0.39795008;27.44;0.035098;0.009392
CCW;416;337.5;-22.50;-135.00;50;-0.28089996;0.39265004;27.45;0.048223;0.011077;-0.27159998;0.39760016;27.45;0.039626;-0.021951
CCW;417;247.5;-112.50;-90.00;50;-0.27229998;0.39675000;27.45;0.027344;-0.000515;-0.26925004;0.39665008;27.44;0.060654;-0.010205
CCW;418;90;-270.00;-157.50;50;-0.28455008;0.39715008;27.47;0.055767;-0.016455;-0.27029996;0.38469992;27.49;0.030281;0.005449
CCW;419;22.5;-337.50;-67.50;50;-0.28089996;0.39150004;27.48;0.057249;0.002703;-0.27604996;0.39935000;27.46;0.029492;-0.013728
CW;420;90;-270.00;67.50;50;-0.26680004;0.39474992;27.41;0.056343;-0.016326;-0.27899998;0.38400000;27.45;0.027346;0.004875
CCW;421;337.5;-382.50;-112.50;50;-0.27164996;0.39810020;27.53;0.047124;0.010833;-0.28290000;0.39540016;27.50;0.039280;-0.022161
CW;422;90;-270.00;112.50;50;-0.27824998;0.39370008;27.36;0.055354;-0.015754;-0.29520004;0.39300010;27.36;0.031111;0.004814
CCW;423;315;-45.00;-45.00;50;-0.27699990;0.39145008;27.39;0.041348;0.011506;-0.27010000;0.40455004;27.35;0.046985;-0.022429
CW;424;0;0.00;45.00;50;-0.27155004;0.40225020;27.36;0.050405;0.008743;-0.26679996;0.39445008;27.39;0.034634;-0.018904
CCW;425;225;-135.00;-135.00;50;-0.27740000;0.39990016;27.34;0.026628;-0.007388;-0.28365000;0.39575000;27.34;0.059758;-0.003489
CCW;426;180;-180.00;-45.00;50;-0.27814996;0.40120012;27.36;0.032927;-0.018621;-0.27085006;0.39105004;27.38;0.054294;0.008337
CCW;427;157.5;-202.50;-22.50;50;-0.27200004;0.39334996;27.38;0.038809;-0.021887;-0.27150000;0.39905020;27.33;0.048672;0.011233
CCW;428;337.5;-382.50;-180.00;50;-0.28185000;0.40060016;27.38;0.047332;0.011013;-0.27369994;0.39795020;27.40;0.038557;-0.021448
CW;429;67.5;-292.50;90.00;50;-0.27654990;0.40320000;27.37;0.059553;-0.010432;-0.27564990;0.39395008;27.36;0.026885;-0.000730
CCW;430;270;-90.00;-90.00;50;-0.28099992;0.39484992;27.36;0.030269;0.005405;-0.27240000;0.40840028;27.35;0.058755;-0.015791
CW;431;337.5;-22.50;67.50;50;-0.27199990;0.39970016;27.32;0.047766;0.011064;-0.26930008;0.40240010;27.30;0.038506;-0.021492
CCW;432;292.5;-67.50;-45.00;50;-0.27264990;0.40730008;27.31;0.034465;0.009463;-0.28195004;0.40090000;27.31;0.053577;-0.019739
CW;433;337.5;-22.50;45.00;50;-0.28365004;0.39545016;27.38;0.048521;0.010969;-0.26330000;0.41040012;27.34;0.039036;-0.021663
CW;434;67.5;67.50;90.00;50;-0.27750000;0.39715012;27.35;0.060383;-0.009800;-0.27610004;0.39415004;27.32;0.026216;-0.000508
CCW;435;0;0.00;-67.50;50;-0.27534996;0.40930004;27.30;0.055935;0.008352;-0.25955000;0.39520008;27.36;0.040642;-0.018535
CCW;436;315;-45.00;-45.00;50;-0.27714990;0.39115004;27.34;0.043091;0.011697;-0.27660000;0.40700010;27.32;0.046052;-0.021853
CW;437;45;45.00;90.00;50;-0.27790000;0.41020012;27.36;0.062771;-0.003369;-0.27679998;0.39640016;27.38;0.025227;-0.007112
CW;438;112.5;112.50;67.50;50;-0.27739992;0.40260010;27.34;0.052187;-0.020190;-0.28334992;0.40420010;27.32;0.035183;0.010156
CW;439;225;225.00;112.50;50;-0.26659992;0.39905016;27.32;0.026650;-0.007163;-0.27984996;0.41035010;27.35;0.060637;-0.002515
CCW;440;202.5;202.50;-22.50;50;-0.27809998;0.40075008;27.36;0.028723;-0.013491;-0.28049994;0.40240016;27.39;0.059426;0.003579
CW;441;247.5;247.50;45.00;50;-0.27569996;0.40945016;27.34;0.026296;-0.000586;-0.27014996;0.39765008;27.33;0.060452;-0.009822
CCW;442;135;135.00;-112.50;50;-0.27905000;0.41225000;27.37;0.045454;-0.021873;-0.28755000;0.41495000;27.38;0.040068;0.011611
CCW;443;0;0.00;-135.00;50;-0.27495000;0.39260004;27.34;0.053069;0.007693;-0.27720004;0.41180012;27.34;0.034836;-0.018899
CCW;444;180;-180.00;-180.00;50;-0.26930008;0.40185016;27.31;0.031506;-0.018679;-0.28070012;0.40500012;27.35;0.054783;0.007837
CW;445;247.5;-112.50;67.50;50;-0.28484994;0.39189996;27.39;0.027463;-0.000630;-0.27449996;0.41655000;27.38;0.060391;-0.009895
CW;446;315;-45.00;67.50;50;-0.27484998;0.39590012;27.34;0.042319;0.011677;-0.26645002;0.39970004;27.37;0.047610;-0.022007
CW;447;22.5;22.50;67.50;50;-0.27824998;0.40695010;27.37;0.059475;0.002620;-0.27280000;0.40520004;27.38;0.029512;-0.013521
CCW;448;292.5;-67.50;-90.00;50;-0.26785000;0.39030004;27.38;0.034229;0.009819;-0.27095000;0.40495016;27.39;0.052222;-0.020027
CW;449;337.5;-22.50;45.00;50;-0.27704992;0.40405004;27.35;0.048960;0.010837;-0.27299994;0.40145020;27.37;0.039814;-0.021702
CCW;450;157.5;-202.50;-180.00;50;-0.27309988;0.39594996;27.36;0.038091;-0.021892;-0.28755010;0.39725010;27.35;0.048738;0.011042
CCW;451;0;-360.00;-157.50;50;-0.28245008;0.39695008;27.42;0.051992;0.007764;-0.26875000;0.40365012;27.34;0.035999;-0.018628
CW;452;90;-270.00;90.00;50;-0.27150000;0.40440000;27.32;0.056919;-0.016184;-0.27789996;0.39930008;27.33;0.029790;0.005249
CW;453;112.5;-247.50;22.50;50;-0.27129992;0.40870010;27.33;0.052444;-0.020391;-0.27619996;0.39540016;27.40;0.034905;0.009897
CW;454;225;-135.00;112.50;50;-0.26739990;0.40095024;27.35;0.029658;-0.007043;-0.26814996;0.41350000;27.37;0.064331;-0.003137
CW;455;292.5;-67.50;67.50;50;-0.27979994;0.38514988;27.36;0.034951;0.009485;-0.27474992;0.40280004;27.40;0.052476;-0.019919
CW;456;292.5;-67.50;0.00;50;-0.28175000;0.39735008;27.40;0.035425;0.009773;-0.27709996;0.40325004;27.44;0.052085;-0.020327
CCW;457;112.5;-247.50;-180.00;50;-0.27320004;0.40775004;27.46;0.051785;-0.020493;-0.27425000;0.40415010;27.38;0.035530;0.009670
CW;458;225;-135.00;112.50;50;-0.27614992;0.40110012;27.38;0.026384;-0.007334;-0.28155002;0.40810016;27.38;0.060933;-0.003679
CW;459;0;0.00;135.00;50;-0.27565000;0.39895000;27.35;0.054355;0.007891;-0.26660004;0.40010016;27.37;0.034324;-0.018865
CW;460;67.5;67.50;67.50;50;-0.28144996;0.40220012;27.35;0.061987;-0.009604;-0.27479990;0.40040000;27.32;0.026929;-0.000444
CCW;461;315;-45.00;-112.50;50;-0.28060008;0.40325010;27.31;0.042153;0.011348;-0.26829996;0.39870012;27.33;0.046707;-0.021917
CCW;462;225;-135.00;-90.00;50;-0.26609996;0.40010004;27.37;0.026465;-0.006953;-0.28195000;0.40890024;27.33;0.064321;-0.003044
CCW;463;135;-225.00;-90.00;50;-0.26410000;0.39535020;27.36;0.045886;-0.022268;-0.28280002;0.39860000;27.39;0.040239;0.011855
CCW;464;90;-270.00;-45.00;50;-0.27014992;0.40700016;27.37;0.055161;-0.015999;-0.27285000;0.39545016;27.38;0.029133;0.005488
CW;465;202.5;-157.50;112.50;50;-0.27135000;0.39745010;27.42;0.028054;-0.013286;-0.27469992;0.39055004;27.45;0.059810;0.003101
CW;466;202.5;-157.50;0.00;50;-0.26395008;0.39255000;27.48;0.029021;-0.013269;-0.27209994;0.40750004;27.43;0.059827;0.003264
CCW;467;90;-270.00;-112.50;50;-0.26750004;0.39650004;27.42;0.058025;-0.015911;-0.27919996;0.39659996;27.35;0.028149;0.004961
CCW;468;337.5;-382.50;-112.50;50;-0.27394990;0.40285012;27.36;0.048225;0.011113;-0.26180002;0.39310000;27.39;0.039053;-0.021514
CW;469;0;-360.00;22.50;50;-0.27514994;0.38730004;27.44;0.047161;0.007949;-0.25735000;0.40020008;27.47;0.032168;-0.019158
CCW;470;315;-45.00;-45.00;50;-0.27744990;0.38029992;27.43;0.041780;0.011609;-0.27199996;0.39209996;27.41;0.047471;-0.021833
CW;471;337.5;-22.50;22.50;50;-0.27940000;0.39465008;27.48;0.049180;0.011094;-0.26135000;0.39325004;27.48;0.038970;-0.021179
CW;472;0;0.00;22.50;50;-0.27739992;0.39775000;27.50;0.053701;0.008381;-0.26604998;0.39349996;27.57;0.031533;-0.018647
CCW;473;270;-90.00;-90.00;50;-0.26719988;0.39914992;27.50;0.035923;0.004844;-0.28310010;0.40665004;27.46;0.057739;-0.015698
CW;474;0;0.00;90.00;50;-0.27409996;0.38545000;27.53;0.054905;0.008040;-0.27385000;0.38735008;27.53;0.035005;-0.018774
CCW;475;292.5;-67.50;-67.50;50;-0.27059996;0.39610008;27.49;0.035261;0.009563;-0.27075002;0.39695008;27.56;0.052441;-0.020234
CCW;476;270;-90.00;-22.50;50;-0.27165002;0.38519990;27.57;0.030361;0.005359;-0.27479994;0.38535000;27.58;0.057173;-0.015879
CW;477;45;45.00;135.00;50;-0.28180006;0.40070008;27.59;0.065605;-0.003323;-0.26570000;0.38750000;27.60;0.026453;-0.007319
CW;478;135;135.00;90.00;50;-0.26714996;0.38859992;27.60;0.046013;-0.022480;-0.26934992;0.39425010;27.60;0.042244;0.011904
CCW;479;112.5;112.50;-22.50;50;-0.26809992;0.39860004;27.60;0.051606;-0.020542;-0.27659990;0.39090004;27.60;0.035005;0.009939
CW;480;112.5;112.50;0.00;50;-0.27050000;0.38699996;27.60;0.052085;-0.020425;-0.28209996;0.39190004;27.60;0.035176;0.010076
